time,volume,open,high,low,close,bid_open,bid_high,bid_low,bid_close,ask_open,ask_high,ask_low,ask_close
2024-01-01T22:00:00.000000Z,241071,3030.454,3053.434,3028.471,3045.019,3030.454,3053.434,3028.471,3045.019,3031.375,3054.167,3029.127,3045.871
2024-01-02T22:00:00.000000Z,276243,3042.811,3057.529,3021.454,3031.937,3042.811,3057.529,3021.454,3031.937,3043.706,3058.275,3022.247,3033.177
2024-01-03T22:00:00.000000Z,230038,3035.015,3051.218,3028.008,3046.492,3035.015,3051.218,3028.008,3046.492,3035.898,3051.984,3028.844,3047.404
2024-01-04T22:00:00.000000Z,278268,3047.792,3060.125,3039.384,3043.206,3047.792,3060.125,3039.384,3043.206,3048.737,3060.806,3040.194,3047.975
2024-01-07T22:00:00.000000Z,231037,3047.075,3047.105,3013.853,3017.678,3047.075,3047.105,3013.853,3017.678,3048.034,3048.1,3014.663,3018.635
2024-01-08T22:00:00.000000Z,225049,3019.229,3047.526,3017.481,3035.155,3019.229,3047.526,3017.481,3035.155,3020.261,3048.216,3018.408,3036.04
2024-01-09T22:00:00.000000Z,212141,3037.9,3040.057,3016.587,3020.834,3037.9,3040.057,3016.587,3020.834,3038.831,3040.984,3017.291,3021.748
2024-01-10T22:00:00.000000Z,286053,3022.398,3048.724,3018.819,3033.117,3022.398,3048.724,3018.819,3033.117,3023.148,3049.568,3019.612,3034.273
2024-01-11T22:00:00.000000Z,273202,3034.849,3070.683,3028.614,3064.038,3034.849,3070.683,3028.614,3064.038,3035.63,3071.462,3029.229,3065.58
2024-01-14T22:00:00.000000Z,146033,3063.544,3087.507,3059.435,3084.849,3063.544,3087.507,3059.435,3084.849,3064.401,3088.155,3060.247,3085.796
2024-01-15T22:00:00.000000Z,289396,3085.98,3099.931,3074.821,3080.576,3085.98,3099.931,3074.821,3080.576,3086.779,3100.624,3075.484,3081.441
2024-01-16T22:00:00.000000Z,276238,3077.283,3093.595,3060.895,3061.602,3077.283,3093.595,3060.895,3061.602,3078.149,3094.292,3061.607,3062.497
2024-01-17T22:00:00.000000Z,247279,3066.118,3080.28,3058.448,3077.219,3066.118,3080.28,3058.448,3077.219,3067.109,3080.928,3059.188,3078.022
2024-01-18T22:00:00.000000Z,215316,3077.651,3089.683,3070.634,3075.958,3077.651,3089.683,3070.634,3075.958,3078.47,3090.44,3071.222,3077.738
2024-01-21T22:00:00.000000Z,225344,3073.285,3078.654,3061.52,3076.856,3073.285,3078.654,3061.52,3076.856,3074.133,3079.365,3062.111,3077.69
2024-01-22T22:00:00.000000Z,224205,3077.377,3090.89,3063.539,3083.391,3077.377,3090.89,3063.539,3083.391,3078.411,3091.587,3064.173,3084.316
2024-01-23T22:00:00.000000Z,249104,3082.917,3084.723,3048.755,3062.05,3082.917,3084.723,3048.755,3062.05,3083.705,3085.359,3049.602,3062.93
2024-01-24T22:00:00.000000Z,244636,3065.247,3071.96,3055.455,3068.535,3065.247,3071.96,3055.455,3068.535,3065.912,3072.733,3056.524,3069.522
2024-01-25T22:00:00.000000Z,192199,3068.284,3073.241,3059.068,3067.544,3068.284,3073.241,3059.068,3067.544,3069.859,3073.859,3059.746,3069.622
2024-01-28T22:00:00.000000Z,185572,3083.15,3087.019,3066.959,3074.248,3083.15,3087.019,3066.959,3074.248,3084.2,3087.732,3067.639,3075.127
2024-01-29T22:00:00.000000Z,212003,3072.594,3104.543,3067.879,3084.479,3072.594,3104.543,3067.879,3084.479,3073.44,3105.195,3068.602,3085.452
2024-01-30T22:00:00.000000Z,279032,3085.022,3109.309,3085.015,3104.503,3085.022,3109.309,3085.015,3104.503,3085.918,3110.174,3085.918,3105.464
2024-01-31T22:00:00.000000Z,281595,3107.36,3145.162,3102.987,3125.874,3107.36,3145.162,3102.987,3125.874,3108.258,3145.798,3103.684,3126.633
2024-02-01T22:00:00.000000Z,241910,3125.191,3131.579,3101.899,3131.098,3125.191,3131.579,3101.899,3131.098,3125.995,3133.749,3102.612,3132.385
2024-02-04T22:00:00.000000Z,234934,3138.146,3143.065,3104.032,3123.118,3138.146,3143.065,3104.032,3123.118,3139.032,3143.921,3104.764,3123.96
2024-02-05T22:00:00.000000Z,215361,3124.167,3131.091,3107.286,3120.81,3124.167,3131.091,3107.286,3120.81,3125.023,3132.007,3107.985,3121.555
2024-02-06T22:00:00.000000Z,197229,3119.399,3130.155,3111.373,3120.197,3119.399,3130.155,3111.373,3120.197,3120.098,3130.81,3112.026,3121.177
2024-02-07T22:00:00.000000Z,198250,3121.072,3134.094,3113.493,3132.838,3121.072,3134.094,3113.493,3132.838,3121.77,3134.77,3114.192,3133.838
2024-02-08T22:00:00.000000Z,184445,3133.167,3134.599,3098.723,3101.819,3133.167,3134.599,3098.723,3101.819,3133.884,3135.345,3099.405,3103.4
2024-02-11T22:00:00.000000Z,154524,3107.545,3107.943,3080.861,3092.829,3107.545,3107.943,3080.861,3092.829,3108.321,3108.843,3081.588,3093.775
2024-02-12T22:00:00.000000Z,188122,3092.821,3116.421,3080.418,3087.862,3092.821,3116.421,3080.418,3087.862,3093.625,3117.198,3081.103,3088.719
2024-02-13T22:00:00.000000Z,190245,3087.613,3089.545,3064.044,3068.632,3087.613,3089.545,3064.044,3068.632,3088.422,3090.293,3064.698,3069.844
2024-02-14T22:00:00.000000Z,194625,3068.797,3079.404,3064.407,3071.514,3068.797,3079.404,3064.407,3071.514,3070.562,3080.102,3065.138,3072.41
2024-02-15T22:00:00.000000Z,186825,3071.464,3082.616,3067.43,3081.065,3071.464,3082.616,3067.43,3081.065,3072.147,3085.185,3068.081,3084.323
2024-02-18T22:00:00.000000Z,116999,3079.596,3094.478,3072.845,3085.596,3079.596,3094.478,3072.845,3085.596,3083.925,3095.218,3077.845,3086.371
2024-02-19T22:00:00.000000Z,190487,3085.786,3096.453,3082.426,3090.641,3085.786,3096.453,3082.426,3090.641,3086.837,3097.103,3083.091,3091.586
2024-02-20T22:00:00.000000Z,196329,3090.738,3099.219,3086.31,3091.665,3090.738,3099.219,3086.31,3091.665,3091.727,3099.857,3086.974,3092.545
2024-02-21T22:00:00.000000Z,203082,3091.685,3098.93,3080.696,3086.991,3091.685,3098.93,3080.696,3086.991,3092.445,3099.735,3081.414,3088.011
2024-02-22T22:00:00.000000Z,191792,3086.159,3108.012,3071.722,3100.424,3086.159,3108.012,3071.722,3100.424,3087.191,3108.755,3072.371,3101.482
2024-02-25T22:00:00.000000Z,172419,3098.406,3109.129,3095.421,3105.522,3098.406,3109.129,3095.421,3105.522,3099.43,3109.856,3096.056,3106.296
2024-02-26T22:00:00.000000Z,176899,3106.584,3116.514,3100.375,3102.446,3106.584,3116.514,3100.375,3102.446,3107.452,3117.135,3101.044,3103.188
2024-02-27T22:00:00.000000Z,197346,3100.393,3135.909,3100.134,3131.679,3100.393,3135.909,3100.134,3131.679,3101.151,3136.628,3100.881,3132.55
2024-02-28T22:00:00.000000Z,219803,3132.673,3150.729,3120.988,3145.701,3132.673,3150.729,3120.988,3145.701,3133.532,3151.334,3121.671,3146.576
2024-02-29T22:00:00.000000Z,229510,3144.914,3197.636,3139.474,3190.707,3144.914,3197.636,3139.474,3190.707,3146.588,3198.414,3140.193,3193.127
2024-03-03T22:00:00.000000Z,220108,3190.039,3253.93,3186.663,3247.781,3190.039,3253.93,3186.663,3247.781,3191.098,3254.557,3187.337,3248.562
2024-03-04T22:00:00.000000Z,242257,3247.171,3296.453,3243.811,3271.503,3247.171,3296.453,3243.811,3271.503,3248.635,3297.195,3244.542,3272.231
2024-03-05T22:00:00.000000Z,247271,3270.174,3280.214,3256.27,3271.962,3270.174,3280.214,3256.27,3271.962,3270.975,3280.918,3256.877,3273.12
2024-03-06T22:00:00.000000Z,243331,3272.052,3282.827,3249.299,3262.675,3272.052,3282.827,3249.299,3262.675,3273.886,3283.691,3249.998,3263.352
2024-03-07T22:00:00.000000Z,256225,3262.227,3311.249,3251.701,3286.69,3262.227,3311.249,3251.701,3286.69,3263.067,3311.995,3252.389,3291.69
2024-03-10T21:00:00.000000Z,212631,3290.963,3311.124,3287.974,3299.925,3290.963,3311.124,3287.974,3299.925,3291.919,3311.847,3288.72,3300.706
2024-03-11T21:00:00.000000Z,229311,3299.335,3303.483,3257.026,3266.963,3299.335,3303.483,3257.026,3266.963,3300.357,3304.275,3257.867,3267.785
2024-03-12T21:00:00.000000Z,200395,3267.046,3287.256,3261.721,3283.358,3267.046,3287.256,3261.721,3283.358,3268.066,3287.883,3262.391,3284.168
2024-03-13T21:00:00.000000Z,217127,3282.814,3289.288,3266.897,3284.905,3282.814,3289.288,3266.897,3284.905,3285.025,3289.94,3267.628,3285.709
2024-03-14T21:00:00.000000Z,194836,3285.311,3309.159,3284.477,3286.031,3285.311,3309.159,3284.477,3286.031,3286.235,3309.984,3285.147,3287.691
2024-03-17T21:00:00.000000Z,178644,3281.769,3297.387,3267.387,3292.919,3281.769,3297.387,3267.387,3292.919,3282.598,3298.075,3268.162,3293.845
2024-03-18T21:00:00.000000Z,204835,3292.695,3312.05,3292.384,3302.547,3292.695,3312.05,3292.384,3302.547,3293.693,3312.838,3293.118,3303.557
2024-03-19T21:00:00.000000Z,210478,3303.369,3325.046,3297.385,3318.893,3303.369,3325.046,3297.385,3318.893,3304.316,3325.825,3298.05,3319.899
2024-03-20T21:00:00.000000Z,283794,3320.492,3373.621,3300.424,3319.684,3320.492,3373.621,3300.424,3319.684,3323.883,3374.535,3301.194,3320.545
2024-03-21T21:00:00.000000Z,228711,3321.059,3339.522,3308.842,3323.044,3321.059,3339.522,3308.842,3323.044,3321.854,3340.228,3309.499,3324.465
2024-03-24T21:00:00.000000Z,194266,3326.331,3332.694,3315.374,3320.087,3326.331,3332.694,3315.374,3320.087,3327.221,3333.569,3316.161,3320.858
2024-03-25T21:00:00.000000Z,210324,3319.883,3354.987,3310.563,3334.424,3319.883,3354.987,3310.563,3334.424,3321.332,3355.779,3311.407,3335.186
2024-03-26T21:00:00.000000Z,199496,3334.884,3366.237,3332.568,3358.481,3334.884,3366.237,3332.568,3358.481,3335.819,3367.113,3333.35,3359.294
2024-03-27T21:00:00.000000Z,233217,3358.454,3431.791,3351.461,3426.625,3358.454,3431.791,3351.461,3426.625,3363.454,3432.814,3352.116,3427.661
2024-03-31T21:00:00.000000Z,208320,3425.271,3471.93,3424.178,3468.959,3425.271,3471.93,3424.178,3468.959,3426.281,3472.832,3425.448,3469.825
2024-04-01T21:00:00.000000Z,246005,3466.835,3499.736,3457.665,3498.762,3466.835,3499.736,3457.665,3498.762,3467.954,3500.448,3458.376,3499.566
2024-04-02T21:00:00.000000Z,263016,3499.061,3511.601,3479.201,3502.669,3499.061,3511.601,3479.201,3502.669,3499.796,3512.344,3479.914,3503.652
2024-04-03T21:00:00.000000Z,225289,3501.694,3506.964,3454.175,3477.65,3501.694,3506.964,3454.175,3477.65,3503.249,3508.093,3454.821,3478.517
2024-04-04T21:00:00.000000Z,285967,3477.556,3541.138,3445.847,3540.909,3477.556,3541.138,3445.847,3540.909,3478.619,3542.523,3446.515,3542.315
2024-04-07T21:00:00.000000Z,325238,3541.353,3573.83,3507.326,3541.214,3541.353,3573.83,3507.326,3541.214,3542.331,3574.877,3508.485,3542.221
2024-04-08T21:00:00.000000Z,292713,3539.431,3574.382,3531.608,3548.456,3539.431,3574.382,3531.608,3548.456,3540.27,3575.061,3532.36,3549.302
2024-04-09T21:00:00.000000Z,319085,3549.599,3603.415,3538.72,3583.244,3549.599,3603.415,3538.72,3583.244,3550.476,3604.332,3539.505,3584.12
2024-04-10T21:00:00.000000Z,327015,3585.916,3636.65,3566.766,3628.203,3585.916,3636.65,3566.766,3628.203,3586.655,3637.426,3567.281,3629.231
2024-04-11T21:00:00.000000Z,424467,3629.178,3755.768,3614.37,3627.245,3629.178,3755.768,3614.37,3627.245,3629.953,3756.613,3615.203,3628.051
2024-04-14T21:00:00.000000Z,368676,3648.147,3706.318,3600.93,3699.228,3648.147,3706.318,3600.93,3699.228,3649.649,3707.002,3601.787,3700.058
2024-04-15T21:00:00.000000Z,392086,3698.28,3742.802,3682.306,3722.364,3698.28,3742.802,3682.306,3722.364,3698.995,3743.752,3683.022,3723.114
2024-04-16T21:00:00.000000Z,331793,3721.408,3730.642,3658.966,3668.472,3721.408,3730.642,3658.966,3668.472,3722.361,3731.392,3660.137,3669.695
2024-04-17T21:00:00.000000Z,312053,3674.261,3719.177,3670.862,3704.669,3674.261,3719.177,3670.862,3704.669,3675.053,3719.904,3671.904,3705.458
2024-04-18T21:00:00.000000Z,390588,3705.436,3793.78,3699.141,3726.58,3705.436,3793.78,3699.141,3726.58,3706.403,3794.758,3699.931,3728.021
2024-04-21T21:00:00.000000Z,308220,3713.499,3720.155,3602.223,3607.971,3713.499,3720.155,3602.223,3607.971,3715.146,3721.702,3603.235,3609.173
2024-04-22T21:00:00.000000Z,334207,3611.533,3618.155,3556.249,3579.166,3611.533,3618.155,3556.249,3579.166,3612.921,3619.116,3556.973,3580.176
2024-04-23T21:00:00.000000Z,276493,3578.237,3598.814,3548.863,3563.735,3578.237,3598.814,3548.863,3563.735,3579.183,3599.705,3549.582,3564.843
2024-04-24T21:00:00.000000Z,279556,3567.359,3602.594,3544.95,3577.896,3567.359,3602.594,3544.95,3577.896,3568.476,3603.435,3545.93,3578.735
2024-04-25T21:00:00.000000Z,254164,3577.63,3595.815,3563.941,3577.838,3577.63,3595.815,3563.941,3577.838,3578.329,3596.59,3564.84,3579.274
2024-04-28T21:00:00.000000Z,292248,3570.926,3573.937,3539.287,3556.574,3570.926,3573.937,3539.287,3556.574,3571.809,3574.796,3540.096,3557.336
2024-04-29T21:00:00.000000Z,287660,3556.592,3568.241,3529.408,3531.614,3556.592,3568.241,3529.408,3531.614,3557.432,3569.068,3530.138,3532.353
2024-04-30T21:00:00.000000Z,288844,3534.322,3563.82,3525.546,3555.383,3534.322,3563.82,3525.546,3555.383,3535.37,3564.735,3526.312,3556.426
2024-05-01T21:00:00.000000Z,314567,3552.268,3565.169,3501.199,3508.441,3552.268,3565.169,3501.199,3508.441,3553.574,3566.06,3501.887,3509.555
2024-05-02T21:00:00.000000Z,290526,3509.329,3510.581,3437.819,3481.674,3509.329,3510.581,3437.819,3481.674,3510.191,3511.435,3438.466,3483.06
2024-05-05T21:00:00.000000Z,228011,3481.654,3517.022,3467.327,3507.147,3481.654,3517.022,3467.327,3507.147,3482.475,3518.009,3468.14,3508.119
2024-05-06T21:00:00.000000Z,237165,3509.382,3522.203,3493.663,3506.777,3509.382,3522.203,3493.663,3506.777,3510.421,3523.064,3494.559,3507.879
2024-05-07T21:00:00.000000Z,213533,3509.059,3534.09,3507.212,3508.468,3509.059,3534.09,3507.212,3508.468,3510.094,3534.816,3508.021,3509.573
2024-05-08T21:00:00.000000Z,250329,3510.092,3545.365,3506.197,3543.778,3510.092,3545.365,3506.197,3543.778,3511.083,3546.156,3506.936,3544.805
2024-05-09T21:00:00.000000Z,257993,3541.927,3598.065,3540.974,3573.933,3541.927,3598.065,3540.974,3573.933,3543.502,3598.821,3541.932,3574.903
2024-05-12T21:00:00.000000Z,227093,3576.128,3585.347,3529.83,3534.753,3576.128,3585.347,3529.83,3534.753,3577.678,3586.188,3530.583,3535.803
2024-05-13T21:00:00.000000Z,238710,3536.958,3561.971,3534.714,3557.679,3536.958,3561.971,3534.714,3557.679,3537.865,3562.755,3535.544,3558.646
2024-05-14T21:00:00.000000Z,279147,3557.752,3573.148,3544.587,3564.329,3557.752,3573.148,3544.587,3564.329,3558.657,3573.88,3545.309,3565.297
2024-05-15T21:00:00.000000Z,262824,3566.727,3583.863,3551.139,3558.49,3566.727,3583.863,3551.139,3558.49,3567.769,3584.717,3551.815,3559.406
2024-05-16T21:00:00.000000Z,238495,3559.527,3618.082,3558.131,3606.85,3559.527,3618.082,3558.131,3606.85,3560.663,3618.909,3558.961,3608.254
2024-05-19T21:00:00.000000Z,266203,3620.678,3656.877,3606.914,3638.975,3620.678,3656.877,3606.914,3638.975,3621.658,3657.636,3607.731,3640.023
2024-05-20T21:00:00.000000Z,298710,3640.035,3646.792,3615.576,3631.781,3640.035,3646.792,3615.576,3631.781,3641.045,3647.514,3616.597,3632.635
2024-05-21T21:00:00.000000Z,314217,3630.199,3634.032,3589.984,3594.064,3630.199,3634.032,3589.984,3594.064,3631.221,3634.759,3590.699,3594.946
2024-05-22T21:00:00.000000Z,349342,3591.329,3599.461,3523.169,3524.34,3591.329,3599.461,3523.169,3524.34,3596.329,3600.292,3523.87,3525.07
2024-05-23T21:00:00.000000Z,236607,3526.078,3546.2,3514.953,3520.821,3526.078,3546.2,3514.953,3520.821,3527.128,3546.924,3515.773,3521.975
2024-05-26T21:00:00.000000Z,159397,3521.806,3542.953,3515.756,3531.924,3521.806,3542.953,3515.756,3531.924,3522.989,3543.908,3516.794,3532.819
2024-05-27T21:00:00.000000Z,262938,3533.142,3550.996,3513.362,3550.831,3533.142,3550.996,3513.362,3550.831,3533.909,3551.976,3514.03,3551.825
2024-05-28T21:00:00.000000Z,270235,3550.958,3553.616,3520.231,3536.564,3550.958,3553.616,3520.231,3536.564,3552.064,3554.528,3520.884,3537.736
2024-05-29T21:00:00.000000Z,305315,3537.435,3541.675,3521.028,3532.224,3537.435,3541.675,3521.028,3532.224,3538.281,3542.42,3521.771,3533.165
2024-05-30T21:00:00.000000Z,303200,3532.837,3540.065,3492.227,3497.047,3532.837,3540.065,3492.227,3497.047,3533.657,3540.955,3492.956,3498.234
2024-06-02T21:00:00.000000Z,291945,3500.384,3529.207,3484.51,3513.678,3500.384,3529.207,3484.51,3513.678,3501.45,3529.949,3485.268,3514.442
2024-06-03T21:00:00.000000Z,316929,3513.418,3527.07,3485.692,3498.888,3513.418,3527.07,3485.692,3498.888,3514.325,3527.919,3486.427,3499.857
2024-06-04T21:00:00.000000Z,273568,3501.114,3547.907,3496.164,3542.533,3501.114,3547.907,3496.164,3542.533,3501.902,3548.675,3496.944,3543.474
2024-06-05T21:00:00.000000Z,284630,3542.331,3570.474,3532.988,3563.614,3542.331,3570.474,3532.988,3563.614,3543.092,3571.12,3533.784,3564.728
2024-06-06T21:00:00.000000Z,351070,3563.237,3577.029,3474.467,3485.961,3563.237,3577.029,3474.467,3485.961,3564.177,3577.758,3475.32,3487.011
2024-06-09T21:00:00.000000Z,241718,3481.605,3502.796,3470.729,3495.252,3481.605,3502.796,3470.729,3495.252,3482.83,3503.648,3471.511,3496.133
2024-06-10T21:00:00.000000Z,274554,3493.93,3514.689,3481.18,3506.92,3493.93,3514.689,3481.18,3506.92,3494.758,3515.456,3482.001,3507.802
2024-06-11T21:00:00.000000Z,328089,3505.905,3507.501,3466.093,3489.014,3505.905,3507.501,3466.093,3489.014,3506.862,3508.421,3466.803,3489.869
2024-06-12T21:00:00.000000Z,290647,3488.069,3490.38,3459.151,3471.38,3488.069,3490.38,3459.151,3471.38,3489.457,3491.243,3460.012,3472.446
2024-06-13T21:00:00.000000Z,305274,3472.348,3538.872,3469.586,3525.896,3472.348,3538.872,3469.586,3525.896,3473.234,3539.559,3470.607,3526.808
2024-06-16T21:00:00.000000Z,235250,3523.323,3531.112,3500.479,3506.882,3523.323,3531.112,3500.479,3506.882,3524.031,3531.874,3501.224,3507.824
2024-06-17T21:00:00.000000Z,250099,3507.584,3521.001,3485.441,3499.422,3507.584,3521.001,3485.441,3499.422,3508.662,3521.846,3486.233,3500.293
2024-06-18T21:00:00.000000Z,123862,3497.327,3499.348,3482.494,3490.449,3497.327,3499.348,3482.494,3490.449,3498.1,3500.247,3483.221,3491.536
2024-06-19T21:00:00.000000Z,236802,3491.091,3547.849,3487.748,3545.363,3491.091,3547.849,3487.748,3545.363,3492.979,3548.556,3488.639,3546.259
2024-06-20T21:00:00.000000Z,242780,3544.519,3559.525,3489.475,3496.025,3544.519,3559.525,3489.475,3496.025,3545.849,3560.338,3490.241,3497.093
2024-06-23T21:00:00.000000Z,224989,3494.136,3508.306,3489.91,3506.565,3494.136,3508.306,3489.91,3506.565,3495.549,3509.133,3490.608,3507.624
2024-06-24T21:00:00.000000Z,229649,3505.31,3507.845,3483.079,3488.981,3505.31,3507.845,3483.079,3488.981,3506.241,3508.656,3483.926,3490.025
2024-06-25T21:00:00.000000Z,261919,3489.277,3501.003,3450.715,3457.01,3489.277,3501.003,3450.715,3457.01,3490.252,3502.101,3451.482,3457.887
2024-06-26T21:00:00.000000Z,240569,3457.76,3503.586,3445.134,3501.392,3457.76,3503.586,3445.134,3501.392,3458.645,3504.39,3446.001,3502.376
2024-06-27T21:00:00.000000Z,259459,3500.587,3513.85,3478.352,3487.661,3500.587,3513.85,3478.352,3487.661,3501.647,3514.708,3478.937,3488.957
2024-06-30T21:00:00.000000Z,242578,3479.011,3506.034,3474.541,3501.269,3479.011,3506.034,3474.541,3501.269,3480.036,3506.799,3475.34,3502.155
2024-07-01T21:00:00.000000Z,231789,3501.848,3512.646,3484.358,3493.625,3501.848,3512.646,3484.358,3493.625,3502.733,3513.368,3485.056,3494.675
2024-07-02T21:00:00.000000Z,242356,3493.68,3525.573,3486.825,3513.331,3493.68,3525.573,3486.825,3513.331,3494.61,3526.597,3487.626,3514.214
2024-07-03T21:00:00.000000Z,140505,3513.559,3517.733,3501.143,3503.923,3513.559,3517.733,3501.143,3503.923,3514.822,3518.593,3501.845,3504.677
2024-07-04T21:00:00.000000Z,271599,3503.64,3545.068,3488.762,3542.765,3503.64,3545.068,3488.762,3542.765,3504.707,3545.824,3493.137,3544.211
2024-07-07T21:00:00.000000Z,259308,3540.055,3545.777,3488.764,3501.326,3540.055,3545.777,3488.764,3501.326,3540.833,3546.561,3489.436,3502.273
2024-07-08T21:00:00.000000Z,256708,3501.304,3515.606,3492.461,3506.376,3501.304,3515.606,3492.461,3506.376,3502.459,3516.472,3493.26,3507.345
2024-07-09T21:00:00.000000Z,246268,3505.545,3538.847,3504.551,3514.033,3505.545,3538.847,3504.551,3514.033,3506.914,3539.543,3505.861,3514.957
2024-07-10T21:00:00.000000Z,339341,3514.058,3580.616,3511.428,3572.842,3514.058,3580.616,3511.428,3572.842,3515.071,3581.384,3512.19,3573.813
2024-07-11T21:00:00.000000Z,314228,3570.745,3571.299,3531.3,3553.043,3570.745,3571.299,3531.3,3553.043,3571.791,3572.14,3532.098,3554.203
2024-07-14T21:00:00.000000Z,320047,3562.616,3597.681,3545.658,3583.136,3562.616,3597.681,3545.658,3583.136,3563.85,3598.399,3546.434,3583.799
2024-07-15T21:00:00.000000Z,310803,3582.742,3666.476,3579.427,3666.1,3582.742,3666.476,3579.427,3666.1,3583.641,3667.292,3580.261,3667.01
2024-07-16T21:00:00.000000Z,371833,3664.966,3685.238,3646.657,3653.568,3664.966,3685.238,3646.657,3653.568,3665.882,3685.95,3647.394,3654.369
2024-07-17T21:00:00.000000Z,345407,3653.399,3672.165,3638.176,3645.815,3653.399,3672.165,3638.176,3645.815,3654.774,3672.976,3638.868,3646.706
2024-07-18T21:00:00.000000Z,338899,3644.687,3645.917,3579.626,3590.932,3644.687,3645.917,3579.626,3590.932,3645.335,3646.735,3580.317,3592.066
2024-07-21T21:00:00.000000Z,312816,3591.929,3613.957,3590.106,3607.366,3591.929,3613.957,3590.106,3607.366,3592.968,3614.673,3591.12,3608.093
2024-07-22T21:00:00.000000Z,309563,3608.785,3642.524,3601.467,3641.829,3608.785,3642.524,3601.467,3641.829,3609.531,3643.442,3602.237,3642.792
2024-07-23T21:00:00.000000Z,340585,3642.381,3681.839,3639.898,3642.458,3642.381,3681.839,3639.898,3642.458,3643.279,3682.537,3640.676,3643.329
2024-07-24T21:00:00.000000Z,430881,3643.058,3657.225,3593.206,3615.896,3643.058,3657.225,3593.206,3615.896,3644.308,3658.148,3594.057,3616.765
2024-07-25T21:00:00.000000Z,311684,3616.221,3647.715,3598.473,3645.319,3616.221,3647.715,3598.473,3645.319,3617.281,3648.741,3599.33,3646.638
2024-07-28T21:00:00.000000Z,320654,3643.545,3665.46,3625.804,3639.152,3643.545,3665.46,3625.804,3639.152,3644.813,3666.841,3626.432,3640.049
2024-07-29T21:00:00.000000Z,326972,3636.32,3689.44,3631.732,3687.342,3636.32,3689.44,3631.732,3687.342,3637.258,3690.381,3632.679,3688.308
2024-07-30T21:00:00.000000Z,400037,3686.317,3747.783,3678.361,3740.936,3686.317,3747.783,3678.361,3740.936,3687.247,3748.516,3679.217,3741.871
2024-07-31T21:00:00.000000Z,425988,3737.753,3764.541,3723.905,3762.414,3737.753,3764.541,3723.905,3762.414,3738.599,3765.369,3724.687,3763.219
2024-08-01T21:00:00.000000Z,490641,3764.907,3808.417,3699.761,3750.973,3764.907,3808.417,3699.761,3750.973,3765.989,3809.219,3700.499,3752.195
2024-08-04T21:00:00.000000Z,655582,3752.699,3831.494,3671.803,3709.282,3752.699,3831.494,3671.803,3709.282,3754.291,3832.569,3672.845,3710.418
2024-08-05T21:00:00.000000Z,525435,3707.538,3729.463,3654.889,3666.206,3707.538,3729.463,3654.889,3666.206,3708.553,3730.206,3655.609,3667.117
2024-08-06T21:00:00.000000Z,447887,3664.872,3668.332,3633.024,3654.641,3664.872,3668.332,3633.024,3654.641,3666.156,3669.139,3633.895,3655.684
2024-08-07T21:00:00.000000Z,416779,3653.512,3690.119,3642.55,3681.372,3653.512,3690.119,3642.55,3681.372,3654.428,3690.925,3643.279,3682.385
2024-08-08T21:00:00.000000Z,357139,3681.632,3705.413,3664.097,3698.734,3681.632,3705.413,3664.097,3698.734,3682.736,3706.312,3664.891,3699.933
2024-08-11T21:00:00.000000Z,294594,3692.469,3754.907,3681.467,3753.157,3692.469,3754.907,3681.467,3753.157,3693.774,3755.859,3682.318,3754.055
2024-08-12T21:00:00.000000Z,323811,3749.824,3761.784,3710.966,3715.407,3749.824,3761.784,3710.966,3715.407,3750.969,3762.528,3711.77,3716.326
2024-08-13T21:00:00.000000Z,345373,3717.064,3741.307,3690.338,3710.743,3717.064,3741.307,3690.338,3710.743,3718.387,3741.863,3691.153,3711.446
2024-08-14T21:00:00.000000Z,332167,3710.657,3731.406,3680.772,3715.469,3710.657,3731.406,3680.772,3715.469,3711.863,3732.23,3681.464,3716.274
2024-08-15T21:00:00.000000Z,311524,3715.537,3768.688,3697.18,3759.614,3715.537,3768.688,3697.18,3759.614,3716.845,3769.326,3697.915,3760.885
2024-08-18T21:00:00.000000Z,328621,3755.364,3756.774,3711.02,3719.44,3755.364,3756.774,3711.02,3719.44,3756.455,3757.636,3711.788,3720.348
2024-08-19T21:00:00.000000Z,328469,3718.642,3756.475,3710.741,3725.89,3718.642,3756.475,3710.741,3725.89,3719.338,3757.348,3711.49,3726.828
2024-08-20T21:00:00.000000Z,308865,3726.138,3736.998,3701.644,3724.595,3726.138,3736.998,3701.644,3724.595,3727.405,3737.726,3702.386,3725.455
2024-08-21T21:00:00.000000Z,322491,3723.686,3727.879,3683.402,3705.192,3723.686,3727.879,3683.402,3705.192,3724.875,3728.817,3684.19,3706.135
2024-08-22T21:00:00.000000Z,340879,3706.524,3722.47,3690.912,3696.047,3706.524,3722.47,3690.912,3696.047,3707.628,3723.313,3691.523,3697.348
2024-08-25T21:00:00.000000Z,294416,3696.627,3732.844,3696.376,3718.01,3696.627,3732.844,3696.376,3718.01,3697.815,3733.684,3697.543,3719.074
2024-08-26T21:00:00.000000Z,292818,3718.173,3719.457,3693.43,3716.36,3718.173,3719.457,3693.43,3716.36,3719.288,3720.104,3694.063,3717.406
2024-08-27T21:00:00.000000Z,327354,3716.645,3723.661,3681.413,3691.0,3716.645,3723.661,3681.413,3691.0,3717.612,3724.5,3682.242,3691.967
2024-08-28T21:00:00.000000Z,338069,3692.827,3718.223,3680.335,3708.171,3692.827,3718.223,3680.335,3708.171,3694.216,3718.934,3681.132,3708.925
2024-08-29T21:00:00.000000Z,320148,3707.62,3715.408,3690.983,3699.877,3707.62,3715.408,3690.983,3699.877,3708.857,3716.258,3691.76,3700.939
2024-09-01T21:00:00.000000Z,194252,3700.287,3701.858,3677.902,3678.349,3700.287,3701.858,3677.902,3678.349,3701.335,3702.906,3678.809,3679.294
2024-09-02T21:00:00.000000Z,351915,3680.446,3715.423,3669.562,3714.161,3680.446,3715.423,3669.562,3714.161,3681.402,3716.223,3670.046,3714.949
2024-09-03T21:00:00.000000Z,326600,3715.341,3727.874,3685.913,3710.335,3715.341,3727.874,3685.913,3710.335,3716.577,3728.701,3686.701,3711.258
2024-09-04T21:00:00.000000Z,326784,3710.8,3750.147,3709.053,3733.268,3710.8,3750.147,3709.053,3733.268,3711.838,3751.005,3709.826,3734.165
2024-09-05T21:00:00.000000Z,370356,3732.951,3767.823,3717.848,3743.76,3732.951,3767.823,3717.848,3743.76,3733.997,3768.61,3718.616,3745.0
2024-09-08T21:00:00.000000Z,314875,3743.185,3764.071,3726.886,3762.506,3743.185,3764.071,3726.886,3762.506,3744.34,3764.746,3727.567,3763.43
2024-09-09T21:00:00.000000Z,295809,3761.096,3783.307,3751.982,3782.672,3761.096,3783.307,3751.982,3782.672,3762.249,3784.039,3752.774,3783.695
2024-09-10T21:00:00.000000Z,376691,3782.237,3795.42,3761.512,3762.788,3782.237,3795.42,3761.512,3762.788,3783.272,3796.269,3762.416,3763.797
2024-09-11T21:00:00.000000Z,338303,3764.185,3819.685,3758.443,3805.522,3764.185,3819.685,3758.443,3805.522,3765.37,3820.387,3759.329,3806.35
2024-09-12T21:00:00.000000Z,340751,3804.63,3854.373,3800.025,3845.843,3804.63,3854.373,3800.025,3845.843,3805.815,3855.115,3801.069,3847.142
2024-09-15T21:00:00.000000Z,261931,3843.829,3857.044,3818.882,3824.76,3843.829,3857.044,3818.882,3824.76,3845.272,3857.772,3819.489,3825.681
2024-09-16T21:00:00.000000Z,307991,3825.983,3830.406,3792.181,3803.002,3825.983,3830.406,3792.181,3803.002,3826.975,3831.263,3792.793,3803.872
2024-09-17T21:00:00.000000Z,380851,3803.493,3816.758,3772.147,3783.253,3803.493,3816.758,3772.147,3783.253,3804.407,3817.64,3772.813,3784.207
2024-09-18T21:00:00.000000Z,428997,3783.244,3802.257,3769.272,3795.813,3783.244,3802.257,3769.272,3795.813,3784.576,3802.967,3769.866,3796.835
2024-09-19T21:00:00.000000Z,390488,3795.461,3856.022,3795.39,3851.246,3795.461,3856.022,3795.39,3851.246,3796.67,3856.85,3796.538,3852.748
2024-09-22T21:00:00.000000Z,327815,3850.435,3853.222,3835.184,3843.975,3850.435,3853.222,3835.184,3843.975,3851.809,3853.931,3835.848,3844.944
2024-09-23T21:00:00.000000Z,381663,3841.672,3867.383,3825.436,3854.846,3841.672,3867.383,3825.436,3854.846,3842.668,3868.133,3826.136,3856.01
2024-09-24T21:00:00.000000Z,362974,3856.355,3901.28,3845.886,3893.859,3856.355,3901.28,3845.886,3893.859,3857.301,3902.106,3846.676,3894.642
2024-09-25T21:00:00.000000Z,387692,3895.143,3901.542,3863.761,3875.361,3895.143,3901.542,3863.761,3875.361,3896.01,3902.203,3864.566,3876.241
2024-09-26T21:00:00.000000Z,399996,3875.767,3886.81,3820.282,3851.717,3875.767,3886.81,3820.282,3851.717,3876.962,3887.59,3820.771,3852.541
2024-09-29T21:00:00.000000Z,391313,3849.767,3853.527,3792.036,3810.117,3849.767,3853.527,3792.036,3810.117,3850.846,3854.331,3792.889,3811.122
2024-09-30T21:00:00.000000Z,367005,3806.874,3893.53,3805.012,3868.984,3806.874,3893.53,3805.012,3868.984,3807.73,3894.167,3805.758,3870.209
2024-10-01T21:00:00.000000Z,373574,3868.845,3869.973,3833.421,3860.806,3868.845,3869.973,3833.421,3860.806,3869.735,3870.84,3834.114,3861.832
2024-10-02T21:00:00.000000Z,379310,3861.334,3887.53,3851.12,3882.232,3861.334,3887.53,3851.12,3882.232,3861.942,3888.211,3851.871,3883.263
2024-10-03T21:00:00.000000Z,373256,3881.091,3926.205,3873.368,3905.034,3881.091,3926.205,3873.368,3905.034,3882.461,3927.007,3874.108,3906.326
2024-10-06T21:00:00.000000Z,381409,3897.983,3920.163,3880.487,3910.403,3897.983,3920.163,3880.487,3910.403,3899.191,3921.007,3881.328,3911.529
2024-10-07T21:00:00.000000Z,475444,3908.896,3937.236,3867.257,3885.442,3908.896,3937.236,3867.257,3885.442,3909.948,3938.025,3867.986,3886.402
2024-10-08T21:00:00.000000Z,400809,3886.796,3898.945,3874.222,3881.073,3886.796,3898.945,3874.222,3881.073,3887.582,3899.674,3875.212,3882.258
2024-10-09T21:00:00.000000Z,403783,3883.208,3909.702,3877.101,3901.192,3883.208,3909.702,3877.101,3901.192,3884.601,3910.549,3877.919,3902.262
2024-10-10T21:00:00.000000Z,328077,3899.989,3937.631,3898.391,3935.534,3899.989,3937.631,3898.391,3935.534,3900.967,3938.478,3899.415,3936.659
2024-10-13T21:00:00.000000Z,321220,3932.513,3962.434,3925.316,3937.588,3932.513,3962.434,3925.316,3937.588,3933.862,3963.212,3926.266,3938.69
2024-10-14T21:00:00.000000Z,384798,3939.161,3978.941,3933.409,3971.448,3939.161,3978.941,3933.409,3971.448,3940.483,3979.659,3934.153,3972.553
2024-10-15T21:00:00.000000Z,370737,3975.537,4023.682,3972.03,4010.56,3975.537,4023.682,3972.03,4010.56,3976.552,4024.372,3973.284,4011.731
2024-10-16T21:00:00.000000Z,394455,4010.949,4028.798,3995.207,4021.115,4010.949,4028.798,3995.207,4021.115,4012.345,4029.397,3995.881,4022.253
2024-10-17T21:00:00.000000Z,390411,4020.694,4060.302,4018.478,4057.672,4020.694,4060.302,4018.478,4057.672,4021.667,4061.257,4019.436,4058.767
2024-10-20T21:00:00.000000Z,406222,4056.705,4096.041,4052.23,4084.071,4056.705,4096.041,4052.23,4084.071,4057.994,4096.686,4053.938,4085.17
2024-10-21T21:00:00.000000Z,375061,4083.747,4114.77,4082.18,4113.413,4083.747,4114.77,4082.18,4113.413,4084.769,4115.456,4082.993,4114.181
2024-10-22T21:00:00.000000Z,407493,4110.914,4145.74,4083.429,4092.916,4110.914,4145.74,4083.429,4092.916,4111.67,4146.451,4084.105,4093.959
2024-10-23T21:00:00.000000Z,380441,4094.215,4125.18,4092.4,4119.873,4094.215,4125.18,4092.4,4119.873,4094.954,4125.843,4093.142,4121.146
2024-10-24T21:00:00.000000Z,342900,4120.377,4160.604,4096.624,4159.643,4120.377,4160.604,4096.624,4159.643,4121.514,4161.375,4097.271,4161.082
2024-10-27T21:00:00.000000Z,329631,4137.972,4168.864,4126.651,4165.365,4137.972,4168.864,4126.651,4165.365,4139.516,4169.672,4127.681,4166.492
2024-10-28T21:00:00.000000Z,376974,4164.664,4231.148,4162.155,4228.509,4164.664,4231.148,4162.155,4228.509,4166.081,4231.785,4163.377,4229.545
2024-10-29T21:00:00.000000Z,376507,4227.473,4257.186,4211.725,4240.517,4227.473,4257.186,4211.725,4240.517,4228.501,4257.946,4212.413,4241.671
2024-10-30T21:00:00.000000Z,398415,4241.065,4246.732,4167.857,4168.655,4241.065,4246.732,4167.857,4168.655,4242.942,4247.742,4168.885,4169.908
2024-10-31T21:00:00.000000Z,406581,4170.054,4202.256,4166.538,4170.801,4170.054,4202.256,4166.538,4170.801,4171.049,4203.02,4167.305,4172.248
2024-11-03T22:00:00.000000Z,394101,4147.571,4166.689,4140.521,4155.012,4147.571,4166.689,4140.521,4155.012,4149.881,4167.418,4141.355,4156.221
2024-11-04T22:00:00.000000Z,353774,4153.838,4158.465,4119.088,4132.826,4153.838,4158.465,4119.088,4132.826,4154.892,4159.204,4119.719,4133.953
2024-11-05T22:00:00.000000Z,660395,4136.096,4197.467,4040.137,4045.788,4136.096,4197.467,4040.137,4045.788,4137.295,4198.338,4040.784,4046.743
2024-11-06T22:00:00.000000Z,469920,4051.292,4056.817,4004.144,4050.651,4051.292,4056.817,4004.144,4050.651,4052.22,4057.729,4004.941,4052.066
2024-11-07T22:00:00.000000Z,421979,4049.785,4097.016,4031.163,4075.025,4049.785,4097.016,4031.163,4075.025,4050.986,4097.853,4031.945,4080.025
2024-11-10T22:00:00.000000Z,379391,4076.851,4079.828,3974.993,3983.804,4076.851,4079.828,3974.993,3983.804,4078.339,4080.518,3975.777,3984.908
2024-11-11T22:00:00.000000Z,434298,3986.677,4001.544,3958.326,3976.159,3986.677,4001.544,3958.326,3976.159,3987.736,4002.346,3959.264,3977.404
2024-11-12T22:00:00.000000Z,423979,3978.639,4012.344,3965.782,3966.149,3978.639,4012.344,3965.782,3966.149,3979.624,4013.212,3966.479,3967.215
2024-11-13T22:00:00.000000Z,476208,3962.987,3984.728,3924.507,3973.004,3962.987,3984.728,3924.507,3973.004,3964.205,3985.673,3925.327,3974.026
2024-11-14T22:00:00.000000Z,428893,3977.071,3995.524,3955.378,3964.521,3977.071,3995.524,3955.378,3964.521,3978.017,3996.207,3956.091,3968.936
2024-11-17T22:00:00.000000Z,390796,3972.444,4034.963,3972.444,4013.035,3972.444,4034.963,3972.444,4013.035,3973.498,4035.524,3973.498,4014.317
2024-11-18T22:00:00.000000Z,425915,4013.18,4060.251,4012.919,4029.245,4013.18,4060.251,4012.919,4029.245,4014.169,4061.026,4013.77,4030.202
2024-11-19T22:00:00.000000Z,377491,4028.517,4089.188,4016.385,4073.413,4028.517,4089.188,4016.385,4073.413,4029.565,4089.998,4017.204,4074.515
2024-11-20T22:00:00.000000Z,398928,4071.395,4104.586,4069.331,4099.463,4071.395,4104.586,4069.331,4099.463,4072.482,4105.347,4070.106,4100.594
2024-11-21T22:00:00.000000Z,467079,4100.014,4176.904,4098.632,4175.009,4100.014,4176.904,4098.632,4175.009,4100.963,4181.066,4099.359,4180.005
2024-11-24T22:00:00.000000Z,452486,4142.689,4159.364,4026.099,4036.288,4142.689,4159.364,4026.099,4036.288,4144.342,4160.306,4026.858,4037.326
2024-11-25T22:00:00.000000Z,434898,4038.17,4076.689,4024.552,4066.205,4038.17,4076.689,4024.552,4066.205,4039.376,4077.281,4025.544,4067.242
2024-11-26T22:00:00.000000Z,380974,4061.851,4098.4,4053.066,4056.491,4061.851,4098.4,4053.066,4056.491,4063.047,4099.055,4054.123,4057.622
2024-11-27T22:00:00.000000Z,251268,4055.838,4077.877,4030.222,4056.64,4055.838,4077.877,4030.222,4056.64,4056.534,4078.529,4031.043,4057.617
2024-11-28T22:00:00.000000Z,365328,4059.256,4096.751,4049.107,4060.968,4059.256,4096.751,4049.107,4060.968,4060.309,4097.495,4049.913,4061.771
2024-12-01T22:00:00.000000Z,429234,4071.297,4105.816,4032.603,4074.367,4071.297,4105.816,4032.603,4074.367,4072.21,4106.658,4033.56,4075.38
2024-12-02T22:00:00.000000Z,368344,4074.905,4096.341,4059.597,4075.39,4074.905,4096.341,4059.597,4075.39,4075.819,4097.259,4060.48,4076.494
2024-12-03T22:00:00.000000Z,369769,4075.301,4138.048,4072.983,4120.717,4075.301,4138.048,4072.983,4120.717,4076.528,4138.82,4073.777,4121.52
2024-12-04T22:00:00.000000Z,300073,4119.85,4126.076,4072.172,4078.043,4119.85,4126.076,4072.172,4078.043,4120.9,4126.906,4072.95,4079.18
2024-12-05T22:00:00.000000Z,332885,4077.645,4139.115,4056.061,4119.09,4077.645,4139.115,4056.061,4119.09,4078.441,4139.898,4056.748,4123.979
2024-12-08T22:00:00.000000Z,335245,4131.708,4142.582,4109.067,4130.374,4131.708,4142.582,4109.067,4130.374,4132.619,4143.317,4110.101,4131.738
2024-12-09T22:00:00.000000Z,329999,4132.005,4229.21,4130.084,4223.563,4132.005,4229.21,4130.084,4223.563,4133.13,4230.041,4131.021,4224.636
2024-12-10T22:00:00.000000Z,372089,4223.43,4270.82,4197.364,4265.917,4223.43,4270.82,4197.364,4265.917,4224.154,4271.527,4199.617,4268.818
2024-12-11T22:00:00.000000Z,349140,4264.018,4266.472,4187.081,4209.41,4264.018,4266.472,4187.081,4209.41,4265.443,4267.719,4192.081,4210.241
2024-12-12T22:00:00.000000Z,341993,4211.057,4231.234,4159.618,4160.868,4211.057,4231.234,4159.618,4160.868,4211.842,4232.288,4162.575,4164.848
2024-12-15T22:00:00.000000Z,285455,4164.049,4194.1,4151.471,4163.215,4164.049,4194.1,4151.471,4163.215,4165.184,4194.796,4152.333,4164.703
2024-12-16T22:00:00.000000Z,299666,4162.407,4181.923,4145.429,4176.189,4162.407,4181.923,4145.429,4176.189,4163.588,4182.638,4146.47,4177.059
2024-12-17T22:00:00.000000Z,341412,4177.493,4199.26,4155.841,4158.535,4177.493,4199.26,4155.841,4158.535,4178.877,4200.34,4156.941,4159.917
2024-12-18T22:00:00.000000Z,374140,4160.536,4205.674,4134.357,4158.124,4160.536,4205.674,4134.357,4158.124,4161.755,4206.433,4135.095,4159.53
2024-12-19T22:00:00.000000Z,349110,4160.848,4212.843,4159.133,4194.976,4160.848,4212.843,4159.133,4194.976,4161.757,4213.67,4160.073,4198.546
2024-12-22T22:00:00.000000Z,262847,4189.818,4211.002,4173.903,4180.942,4189.818,4211.002,4173.903,4180.942,4191.94,4211.89,4174.645,4182.305
2024-12-23T22:00:00.000000Z,177692,4186.743,4203.366,4183.112,4198.612,4186.743,4203.366,4183.112,4198.612,4188.122,4204.509,4183.922,4200.223
2024-12-25T22:00:00.000000Z,224293,4192.98,4244.864,4190.119,4232.443,4192.98,4244.864,4190.119,4232.443,4195.037,4245.814,4192.148,4234.351
2024-12-26T22:00:00.000000Z,245438,4232.249,4244.478,4202.5,4215.093,4232.249,4244.478,4202.5,4215.093,4237.249,4245.389,4203.406,4218.295
2024-12-29T22:00:00.000000Z,252678,4207.912,4218.669,4175.75,4187.54,4207.912,4218.669,4175.75,4187.54,4208.904,4219.675,4176.671,4189.283
2024-12-30T22:00:00.000000Z,225987,4191.776,4249.212,4186.551,4240.171,4191.776,4249.212,4186.551,4240.171,4192.572,4250.133,4187.299,4241.741
2025-01-01T22:00:00.000000Z,306085,4239.969,4288.604,4230.406,4284.095,4239.969,4288.604,4230.406,4284.095,4241.818,4289.158,4231.561,4285.236
2025-01-02T22:00:00.000000Z,257120,4285.106,4290.688,4240.102,4244.532,4285.106,4290.688,4240.102,4244.532,4286.058,4291.575,4240.935,4248.098
2025-01-05T22:00:00.000000Z,326593,4247.123,4250.164,4166.793,4220.162,4247.123,4250.164,4166.793,4220.162,4248.347,4251.111,4167.587,4221.281
2025-01-06T22:00:00.000000Z,310185,4223.25,4253.926,4201.34,4250.279,4223.25,4253.926,4201.34,4250.279,4224.614,4254.823,4202.145,4251.386
2025-01-07T22:00:00.000000Z,315175,4249.064,4301.438,4245.559,4281.372,4249.064,4301.438,4245.559,4281.372,4251.044,4302.245,4246.472,4282.723
2025-01-08T22:00:00.000000Z,245412,4284.52,4318.353,4279.543,4309.521,4284.52,4318.353,4279.543,4309.521,4285.779,4319.1,4280.738,4310.983
2025-01-09T22:00:00.000000Z,364755,4308.304,4388.563,4303.602,4374.539,4308.304,4388.563,4303.602,4374.539,4309.533,4389.946,4304.599,4379.539
2025-01-12T22:00:00.000000Z,364346,4375.976,4382.65,4309.692,4309.971,4375.976,4382.65,4309.692,4309.971,4377.049,4383.652,4311.275,4311.728
2025-01-13T22:00:00.000000Z,324878,4307.833,4329.891,4299.355,4321.554,4307.833,4329.891,4299.355,4321.554,4309.089,4330.911,4300.489,4323.351
2025-01-14T22:00:00.000000Z,308451,4320.549,4335.319,4293.044,4330.158,4320.549,4335.319,4293.044,4330.158,4321.743,4336.132,4293.922,4331.349
2025-01-15T22:00:00.000000Z,346100,4325.72,4380.946,4315.937,4368.77,4325.72,4380.946,4315.937,4368.77,4330.72,4381.912,4318.423,4371.043
2025-01-16T22:00:00.000000Z,310510,4369.511,4389.189,4355.438,4363.591,4369.511,4389.189,4355.438,4363.591,4371.029,4390.414,4356.253,4367.052
2025-01-19T22:00:00.000000Z,286828,4359.482,4372.153,4306.754,4325.912,4359.482,4372.153,4306.754,4325.912,4364.482,4373.118,4307.698,4328.835
2025-01-20T22:00:00.000000Z,396652,4315.445,4385.218,4309.36,4374.037,4315.445,4385.218,4309.36,4374.037,4318.361,4386.163,4311.001,4376.629
2025-01-21T22:00:00.000000Z,346863,4380.361,4403.563,4371.29,4392.624,4380.361,4403.563,4371.29,4392.624,4381.587,4404.463,4372.259,4394.025
2025-01-22T22:00:00.000000Z,355539,4394.444,4400.759,4360.57,4382.041,4394.444,4400.759,4360.57,4382.041,4396.219,4401.604,4361.363,4383.792
2025-01-23T22:00:00.000000Z,371249,4381.097,4416.369,4378.053,4386.032,4381.097,4416.369,4378.053,4386.032,4382.442,4417.288,4379.06,4391.032
2025-01-26T22:00:00.000000Z,395991,4393.842,4403.329,4350.657,4354.942,4393.842,4403.329,4350.657,4354.942,4394.369,4404.301,4351.545,4356.578
2025-01-27T22:00:00.000000Z,295426,4359.555,4425.292,4358.518,4418.902,4359.555,4425.292,4358.518,4418.902,4361.122,4426.254,4360.26,4420.859
2025-01-28T22:00:00.000000Z,325900,4418.266,4441.219,4411.341,4427.786,4418.266,4441.219,4411.341,4427.786,4419.573,4442.161,4413.018,4429.813
2025-01-29T22:00:00.000000Z,351213,4423.458,4508.303,4419.54,4498.486,4423.458,4508.303,4419.54,4498.486,4425.635,4509.385,4420.749,4501.168
2025-01-30T22:00:00.000000Z,378005,4497.487,4527.745,4476.837,4504.363,4497.487,4527.745,4476.837,4504.363,4500.291,4528.704,4477.998,4509.363
2025-02-02T22:00:00.000000Z,503564,4554.09,4603.893,4510.499,4518.956,4554.09,4603.893,4510.499,4518.956,4556.503,4606.654,4511.304,4521.484
2025-02-03T22:00:00.000000Z,388251,4516.828,4567.556,4512.005,4542.854,4516.828,4567.556,4512.005,4542.854,4519.505,4568.402,4515.491,4544.492
2025-02-04T22:00:00.000000Z,366694,4541.732,4578.258,4541.242,4560.983,4541.732,4578.258,4541.242,4560.983,4543.73,4579.275,4542.535,4561.969
2025-02-05T22:00:00.000000Z,335925,4562.342,4583.754,4522.37,4544.118,4562.342,4583.754,4522.37,4544.118,4564.286,4585.048,4523.373,4545.806
2025-02-06T22:00:00.000000Z,363373,4547.226,4604.152,4545.554,4558.198,4547.226,4604.152,4545.554,4558.198,4548.492,4605.141,4546.439,4563.198
2025-02-09T22:00:00.000000Z,330954,4574.606,4636.789,4572.121,4630.932,4574.606,4636.789,4572.121,4630.932,4576.885,4637.857,4574.24,4633.039
2025-02-10T22:00:00.000000Z,400345,4636.094,4691.937,4589.269,4602.116,4636.094,4691.937,4589.269,4602.116,4637.529,4692.991,4590.315,4603.851
2025-02-11T22:00:00.000000Z,375585,4602.881,4637.661,4577.744,4624.041,4602.881,4637.661,4577.744,4624.041,4604.798,4638.726,4578.702,4625.923
2025-02-12T22:00:00.000000Z,344024,4624.911,4666.952,4618.882,4634.546,4624.911,4666.952,4618.882,4634.546,4625.765,4667.926,4620.169,4636.136
2025-02-13T22:00:00.000000Z,373563,4636.017,4644.665,4525.273,4536.119,4636.017,4644.665,4525.273,4536.119,4637.406,4645.75,4526.103,4540.676
2025-02-16T22:00:00.000000Z,250002,4553.654,4566.066,4528.93,4559.845,4553.654,4566.066,4528.93,4559.845,4557.186,4566.809,4529.802,4560.832
2025-02-17T22:00:00.000000Z,282703,4561.001,4625.207,4558.924,4620.445,4561.001,4625.207,4558.924,4620.445,4562.832,4626.041,4560.136,4621.996
2025-02-18T22:00:00.000000Z,316549,4620.234,4638.23,4598.302,4622.113,4620.234,4638.23,4598.302,4622.113,4622.022,4639.196,4599.449,4623.927
2025-02-19T22:00:00.000000Z,323694,4623.123,4641.535,4584.096,4591.132,4623.123,4641.535,4584.096,4591.132,4624.477,4642.593,4585.128,4592.811
2025-02-20T22:00:00.000000Z,336140,4587.54,4627.379,4566.711,4616.332,4587.54,4627.379,4566.711,4616.332,4589.195,4628.536,4567.635,4621.332
2025-02-23T22:00:00.000000Z,338292,4615.031,4653.765,4587.832,4650.229,4615.031,4653.765,4587.832,4650.229,4617.248,4654.678,4589.306,4651.834
2025-02-24T22:00:00.000000Z,388651,4652.962,4655.832,4562.424,4594.16,4652.962,4655.832,4562.424,4594.16,4654.31,4656.993,4563.146,4595.513
2025-02-25T22:00:00.000000Z,308549,4592.248,4633.35,4586.849,4624.435,4592.248,4633.35,4586.849,4624.435,4594.051,4634.711,4587.554,4625.672
2025-02-26T22:00:00.000000Z,382933,4622.067,4632.069,4567.809,4612.595,4622.067,4632.069,4567.809,4612.595,4623.201,4632.986,4568.962,4614.909
2025-02-27T22:00:00.000000Z,377887,4613.086,4628.835,4559.527,4600.281,4613.086,4628.835,4559.527,4600.281,4613.946,4629.974,4560.318,4605.281
2025-03-02T22:00:00.000000Z,356872,4622.835,4650.988,4600.134,4647.103,4622.835,4650.988,4600.134,4647.103,4623.51,4652.073,4601.024,4648.337
2025-03-03T22:00:00.000000Z,424132,4650.383,4700.581,4634.474,4652.031,4650.383,4700.581,4634.474,4652.031,4651.672,4701.199,4635.712,4653.769
2025-03-04T22:00:00.000000Z,438655,4648.041,4668.258,4602.35,4607.171,4648.041,4668.258,4602.35,4607.171,4649.151,4669.478,4603.33,4608.88
2025-03-05T22:00:00.000000Z,417126,4604.754,4613.489,4565.569,4595.685,4604.754,4613.489,4565.569,4595.685,4605.859,4614.516,4566.7,4596.856
2025-03-06T22:00:00.000000Z,405259,4595.713,4648.084,4571.322,4613.293,4595.713,4648.084,4571.322,4613.293,4596.691,4649.122,4572.996,4614.853
2025-03-09T21:00:00.000000Z,395409,4619.343,4628.478,4577.477,4600.816,4619.343,4628.478,4577.477,4600.816,4621.127,4629.984,4578.147,4602.341
2025-03-10T21:00:00.000000Z,367032,4603.091,4652.62,4590.882,4628.809,4603.091,4652.62,4590.882,4628.809,4604.652,4653.677,4591.919,4629.798
2025-03-11T21:00:00.000000Z,344206,4630.989,4658.843,4612.775,4640.815,4630.989,4658.843,4612.775,4640.815,4632.027,4659.617,4613.983,4642.435
2025-03-12T21:00:00.000000Z,345253,4641.11,4756.22,4639.207,4755.523,4641.11,4756.22,4639.207,4755.523,4642.631,4758.129,4640.362,4757.388
2025-03-13T21:00:00.000000Z,342650,4748.083,4766.411,4710.337,4716.065,4748.083,4766.411,4710.337,4716.065,4749.601,4767.514,4711.509,4719.975
2025-03-16T21:00:00.000000Z,266250,4721.051,4730.821,4691.128,4699.513,4721.051,4730.821,4691.128,4699.513,4722.702,4732.161,4692.04,4701.12
2025-03-17T21:00:00.000000Z,288703,4699.491,4777.155,4696.856,4768.854,4699.491,4777.155,4696.856,4768.854,4700.857,4778.28,4698.118,4770.222
2025-03-18T21:00:00.000000Z,300709,4768.618,4803.223,4758.852,4792.294,4768.618,4803.223,4758.852,4792.294,4769.97,4804.168,4760.074,4793.676
2025-03-19T21:00:00.000000Z,324825,4794.584,4840.867,4788.102,4829.673,4794.584,4840.867,4788.102,4829.673,4795.759,4841.639,4789.222,4830.968
2025-03-20T21:00:00.000000Z,284303,4832.364,4835.266,4782.108,4818.114,4832.364,4835.266,4782.108,4818.114,4833.353,4836.302,4783.028,4823.114
2025-03-23T21:00:00.000000Z,317651,4812.006,4819.261,4780.921,4791.251,4812.006,4819.261,4780.921,4791.251,4813.186,4820.432,4781.903,4792.507
2025-03-24T21:00:00.000000Z,263163,4789.902,4811.804,4771.331,4790.329,4789.902,4811.804,4771.331,4790.329,4791.467,4812.916,4772.12,4792.109
2025-03-25T21:00:00.000000Z,281355,4790.918,4804.485,4767.99,4793.804,4790.918,4804.485,4767.99,4793.804,4792.423,4805.444,4769.098,4795.516
2025-03-26T21:00:00.000000Z,313843,4800.966,4852.569,4790.685,4846.953,4800.966,4852.569,4790.685,4846.953,4801.781,4853.417,4791.767,4848.813
2025-03-27T21:00:00.000000Z,310504,4849.012,4908.751,4846.669,4905.355,4849.012,4908.751,4846.669,4905.355,4850.076,4910.377,4847.708,4908.649
2025-03-30T21:00:00.000000Z,326571,4929.014,5017.886,4890.384,5000.27,4929.014,5017.886,4890.384,5000.27,4929.988,5018.918,4891.307,5001.795
2025-03-31T21:00:00.000000Z,339656,5002.368,5037.135,4940.17,4960.161,5002.368,5037.135,4940.17,4960.161,5003.652,5038.228,4941.162,4961.788
2025-04-01T21:00:00.000000Z,309780,4961.01,5005.596,4900.629,4975.207,4961.01,5005.596,4900.629,4975.207,4962.494,5009.836,4902.583,4979.5
2025-04-02T21:00:00.000000Z,542590,5000.381,5054.309,4786.115,4921.117,5000.381,5054.309,4786.115,4921.117,5003.71,5055.546,4786.967,4922.589
2025-04-03T21:00:00.000000Z,563214,4919.478,5167.727,4910.325,5028.379,4919.478,5167.727,4910.325,5028.379,4920.95,5169.191,4911.357,5033.379
2025-04-06T21:00:00.000000Z,677836,5075.526,5119.48,4932.893,4978.948,5075.526,5119.48,4932.893,4978.948,5079.63,5124.48,4934.258,4983.785
2025-04-07T21:00:00.000000Z,519575,4976.321,5013.238,4940.484,5005.699,4976.321,5013.238,4940.484,5005.699,4980.16,5014.499,4941.793,5007.766
2025-04-08T21:00:00.000000Z,672528,5018.063,5144.167,4971.89,5008.336,5018.063,5144.167,4971.89,5008.336,5019.882,5145.339,4973.514,5010.301
2025-04-09T21:00:00.000000Z,586177,5003.022,5124.259,4988.173,5100.614,5003.022,5124.259,4988.173,5100.614,5006.238,5125.457,4989.661,5102.345
2025-04-10T21:00:00.000000Z,623096,5104.367,5204.706,5093.647,5144.486,5104.367,5204.706,5093.647,5144.486,5105.29,5205.956,5095.134,5149.364
2025-04-13T21:00:00.000000Z,450315,5112.606,5157.49,5054.912,5074.106,5112.606,5157.49,5054.912,5074.106,5115.913,5158.723,5056.049,5075.755
2025-04-14T21:00:00.000000Z,337766,5080.402,5096.345,5034.072,5089.494,5080.402,5096.345,5034.072,5089.494,5081.698,5097.302,5035.135,5091.397
2025-04-15T21:00:00.000000Z,440553,5099.127,5249.271,5096.527,5246.259,5099.127,5249.271,5096.527,5246.259,5100.354,5250.23,5098.01,5248.24
2025-04-16T21:00:00.000000Z,404135,5255.06,5279.131,5148.02,5204.505,5255.06,5279.131,5148.02,5204.505,5256.834,5280.319,5149.137,5206.888
2025-04-20T21:00:00.000000Z,367714,5228.436,5347.802,5221.777,5336.1,5228.436,5347.802,5221.777,5336.1,5230.192,5348.884,5223.298,5337.694
2025-04-21T21:00:00.000000Z,465434,5342.158,5440.84,5270.193,5311.219,5342.158,5440.84,5270.193,5311.219,5343.712,5442.189,5271.516,5313.206
2025-04-22T21:00:00.000000Z,475898,5228.086,5295.154,5081.215,5170.094,5228.086,5295.154,5081.215,5170.094,5230.348,5296.338,5082.464,5171.715
2025-04-23T21:00:00.000000Z,390779,5193.396,5295.068,5173.716,5223.765,5193.396,5295.068,5173.716,5223.765,5195.308,5296.843,5174.658,5225.889
2025-04-24T21:00:00.000000Z,388826,5223.765,5258.419,5116.82,5186.45,5223.765,5258.419,5116.82,5186.45,5225.889,5260.711,5117.867,5191.45
2025-04-27T21:00:00.000000Z,354724,5196.505,5214.177,5116.791,5197.788,5196.505,5214.177,5116.791,5197.788,5198.807,5215.121,5118.06,5199.513
2025-04-28T21:00:00.000000Z,335838,5201.382,5213.657,5149.283,5195.605,5201.382,5213.657,5149.283,5195.605,5203.463,5214.759,5149.986,5197.409
2025-04-29T21:00:00.000000Z,368911,5194.715,5215.277,5111.113,5134.829,5194.715,5215.277,5111.113,5134.829,5199.652,5216.415,5111.957,5136.478
2025-04-30T21:00:00.000000Z,336816,5128.035,5131.785,5011.603,5071.703,5128.035,5131.785,5011.603,5071.703,5129.596,5133.583,5012.743,5074.238
2025-05-01T21:00:00.000000Z,355315,5074.491,5085.28,4996.658,5025.394,5074.491,5085.28,4996.658,5025.394,5076.183,5086.514,4997.621,5030.368
2025-05-04T21:00:00.000000Z,294326,5023.997,5158.594,5017.489,5153.532,5023.997,5158.594,5017.489,5153.532,5026.811,5159.789,5018.761,5155.238
2025-05-05T21:00:00.000000Z,343570,5153.734,5288.579,5144.467,5282.022,5153.734,5288.579,5144.467,5282.022,5155.362,5289.787,5146.087,5283.986
2025-05-06T21:00:00.000000Z,395977,5254.562,5266.192,5174.419,5235.503,5254.562,5266.192,5174.419,5235.503,5257.414,5267.69,5176.094,5237.827
2025-05-07T21:00:00.000000Z,356693,5246.558,5285.529,5140.469,5164.787,5246.558,5285.529,5140.469,5164.787,5248.848,5287.145,5141.953,5166.772
2025-05-08T21:00:00.000000Z,313725,5170.485,5213.503,5134.1,5186.415,5170.485,5213.503,5134.1,5186.415,5172.686,5214.906,5135.37,5188.236
2025-05-11T21:00:00.000000Z,444523,5131.817,5145.903,5015.1,5076.63,5131.817,5145.903,5015.1,5076.63,5136.817,5150.903,5016.582,5078.28
2025-05-12T21:00:00.000000Z,326579,5080.181,5096.144,5008.797,5021.672,5080.181,5096.144,5008.797,5021.672,5081.797,5097.29,5009.804,5023.61
2025-05-13T21:00:00.000000Z,372162,5022.976,5032.487,4913.386,4941.866,5022.976,5032.487,4913.386,4941.866,5024.834,5034.115,4914.298,4943.88
2025-05-14T21:00:00.000000Z,350048,4947.542,5057.508,4854.941,5055.836,4947.542,5057.508,4854.941,5055.836,4949.172,5059.28,4856.104,5057.557
2025-05-15T21:00:00.000000Z,306301,5060.222,5076.978,4915.902,5001.554,5060.222,5076.978,4915.902,5001.554,5061.94,5078.34,4917.175,5005.99
2025-05-18T21:00:00.000000Z,293014,5018.849,5072.306,4988.609,5001.431,5018.849,5072.306,4988.609,5001.431,5022.051,5073.494,4989.572,5003.447
2025-05-19T21:00:00.000000Z,295954,4999.263,5137.011,4970.874,5119.807,4999.263,5137.011,4970.874,5119.807,5000.892,5138.121,4971.96,5121.851
2025-05-20T21:00:00.000000Z,331340,5125.286,5166.744,5099.745,5149.475,5125.286,5166.744,5099.745,5149.475,5127.01,5167.62,5100.756,5151.274
2025-05-21T21:00:00.000000Z,379968,5159.13,5198.176,5112.963,5138.939,5159.13,5198.176,5112.963,5138.939,5161.006,5199.274,5113.934,5140.912
2025-05-22T21:00:00.000000Z,349351,5142.108,5214.333,5116.372,5167.546,5142.108,5214.333,5116.372,5167.546,5143.753,5215.588,5117.981,5172.546
2025-05-25T21:00:00.000000Z,181987,5158.424,5159.199,5108.082,5153.627,5158.424,5159.199,5108.082,5153.627,5160.052,5160.743,5109.398,5154.789
2025-05-26T21:00:00.000000Z,296174,5159.161,5166.758,5099.167,5122.183,5159.161,5166.758,5099.167,5122.183,5160.798,5167.968,5100.299,5124.145
2025-05-27T21:00:00.000000Z,286011,5125.387,5162.508,5097.039,5114.473,5125.387,5162.508,5097.039,5114.473,5127.182,5163.836,5099.171,5118.612
2025-05-28T21:00:00.000000Z,357151,5118.04,5165.25,5056.832,5148.496,5118.04,5165.25,5056.832,5148.496,5120.846,5166.024,5058.298,5150.532
2025-05-29T21:00:00.000000Z,311041,5147.761,5156.915,5090.808,5112.245,5147.761,5156.915,5090.808,5112.245,5149.401,5158.34,5092.056,5117.245
2025-06-01T21:00:00.000000Z,312754,5128.75,5212.011,5110.966,5204.512,5128.75,5212.011,5110.966,5204.512,5131.038,5213.337,5112.023,5206.001
2025-06-02T21:00:00.000000Z,294623,5213.032,5222.934,5162.188,5187.956,5213.032,5222.934,5162.188,5187.956,5214.858,5224.177,5163.343,5189.761
2025-06-03T21:00:00.000000Z,292636,5191.533,5211.708,5153.963,5193.33,5191.533,5211.708,5153.963,5193.33,5193.175,5212.972,5154.85,5195.601
2025-06-04T21:00:00.000000Z,370046,5197.741,5226.31,5125.604,5152.743,5197.741,5226.31,5125.604,5152.743,5198.99,5227.241,5126.392,5154.607
2025-06-05T21:00:00.000000Z,346281,5158.799,5190.186,5089.171,5097.15,5158.799,5190.186,5089.171,5097.15,5160.456,5191.353,5090.352,5098.844
2025-06-08T21:00:00.000000Z,271882,5105.928,5117.948,5057.191,5102.927,5105.928,5117.948,5057.191,5102.927,5108.025,5118.985,5058.088,5104.396
2025-06-09T21:00:00.000000Z,307511,5100.158,5129.082,5063.432,5093.17,5100.158,5129.082,5063.432,5093.17,5101.857,5130.151,5064.585,5094.768
2025-06-10T21:00:00.000000Z,305495,5091.677,5160.463,5078.949,5159.979,5091.677,5160.463,5078.949,5159.979,5093.158,5162.031,5080.552,5161.936
2025-06-11T21:00:00.000000Z,356667,5163.837,5208.298,5152.365,5183.307,5163.837,5208.298,5152.365,5183.307,5165.731,5208.982,5153.839,5185.097
2025-06-12T21:00:00.000000Z,397230,5178.76,5323.106,5173.959,5289.212,5178.76,5323.106,5173.959,5289.212,5180.122,5324.134,5174.54,5294.212
2025-06-15T21:00:00.000000Z,313561,5304.718,5323.02,5172.295,5187.756,5304.718,5323.02,5172.295,5187.756,5307.651,5325.623,5173.238,5189.988
2025-06-16T21:00:00.000000Z,323556,5194.203,5243.619,5163.218,5231.182,5194.203,5243.619,5163.218,5231.182,5195.629,5244.541,5164.481,5233.231
2025-06-17T21:00:00.000000Z,317613,5244.361,5244.473,5167.292,5176.228,5244.361,5244.473,5167.292,5176.228,5246.113,5246.113,5168.972,5177.825
2025-06-18T21:00:00.000000Z,261768,5178.57,5226.797,5176.099,5206.804,5178.57,5226.797,5176.099,5206.804,5180.909,5227.82,5177.295,5208.041
2025-06-19T21:00:00.000000Z,292624,5197.42,5224.316,5148.127,5221.137,5197.42,5224.316,5148.127,5221.137,5199.155,5226.315,5149.299,5223.142
2025-06-22T21:00:00.000000Z,426129,5261.697,5301.665,5211.355,5215.364,5261.697,5301.665,5211.355,5215.364,5264.526,5302.825,5212.732,5216.91
2025-06-23T21:00:00.000000Z,393433,5195.829,5202.559,5067.005,5120.699,5195.829,5202.559,5067.005,5120.699,5198.062,5204.561,5068.166,5121.877
2025-06-24T21:00:00.000000Z,285396,5119.511,5132.42,5102.957,5115.319,5119.511,5132.42,5102.957,5115.319,5120.861,5133.508,5103.852,5116.712
2025-06-25T21:00:00.000000Z,342140,5121.628,5127.374,5053.448,5082.594,5121.628,5127.374,5053.448,5082.594,5124.463,5128.209,5054.236,5083.995
2025-06-26T21:00:00.000000Z,370272,5079.381,5079.831,4979.897,5011.699,5079.381,5079.831,4979.897,5011.699,5081.202,5081.232,4981.142,5015.955
2025-06-29T21:00:00.000000Z,288991,5005.62,5044.233,4967.227,5018.175,5005.62,5044.233,4967.227,5018.175,5007.311,5045.342,4970.311,5019.736
2025-06-30T21:00:00.000000Z,307549,5017.854,5106.84,5016.698,5071.536,5017.854,5106.84,5016.698,5071.536,5019.552,5107.809,5018.274,5072.872
2025-07-01T21:00:00.000000Z,292461,5075.259,5116.508,5063.049,5098.239,5075.259,5116.508,5063.049,5098.239,5076.976,5117.718,5064.215,5099.287
2025-07-02T21:00:00.000000Z,275077,5101.213,5117.777,5059.029,5060.887,5101.213,5117.777,5059.029,5060.887,5102.616,5118.977,5060.273,5062.272
2025-07-03T21:00:00.000000Z,180917,5058.674,5102.613,5056.855,5094.191,5058.674,5102.613,5056.855,5094.191,5060.147,5103.757,5058.084,5095.072
2025-07-06T21:00:00.000000Z,320434,5097.715,5142.665,5058.059,5139.742,5097.715,5142.665,5058.059,5139.742,5100.103,5143.926,5059.246,5141.095
2025-07-07T21:00:00.000000Z,335196,5142.735,5151.063,5041.341,5055.173,5142.735,5151.063,5041.341,5055.173,5144.321,5152.349,5042.421,5056.485
2025-07-08T21:00:00.000000Z,294133,5059.179,5072.015,5026.402,5070.397,5059.179,5072.015,5026.402,5070.397,5060.095,5073.047,5027.497,5071.185
2025-07-09T21:00:00.000000Z,262267,5070.459,5082.963,5037.231,5044.089,5070.459,5082.963,5037.231,5044.089,5071.788,5083.799,5038.078,5045.316
2025-07-10T21:00:00.000000Z,374029,5046.467,5122.87,5036.851,5100.499,5046.467,5122.87,5036.851,5100.499,5047.695,5124.223,5038.107,5105.499
2025-07-13T21:00:00.000000Z,322355,5114.621,5141.293,5095.849,5107.659,5114.621,5141.293,5095.849,5107.659,5117.143,5142.451,5096.774,5109.051
2025-07-14T21:00:00.000000Z,290749,5106.374,5139.067,5079.844,5103.669,5106.374,5139.067,5079.844,5103.669,5107.515,5139.98,5080.983,5104.971
2025-07-15T21:00:00.000000Z,340900,5105.745,5161.476,5097.7,5127.31,5105.745,5161.476,5097.7,5127.31,5107.168,5162.989,5098.875,5128.798
2025-07-16T21:00:00.000000Z,295688,5132.15,5162.512,5114.701,5145.998,5132.15,5162.512,5114.701,5145.998,5134.114,5163.776,5115.667,5147.515
2025-07-17T21:00:00.000000Z,247210,5147.881,5153.939,5122.939,5145.806,5147.881,5153.939,5122.939,5145.806,5148.849,5154.779,5123.889,5150.806
2025-07-20T21:00:00.000000Z,298469,5143.542,5212.008,5138.603,5205.865,5143.542,5212.008,5138.603,5205.865,5145.681,5212.833,5140.146,5207.457
2025-07-21T21:00:00.000000Z,320992,5210.282,5246.078,5192.664,5234.105,5210.282,5246.078,5192.664,5234.105,5211.834,5246.995,5193.818,5235.44
2025-07-22T21:00:00.000000Z,366095,5235.833,5246.106,5127.446,5129.473,5235.833,5246.106,5127.446,5129.473,5237.347,5247.273,5128.993,5130.821
2025-07-23T21:00:00.000000Z,319831,5136.505,5142.372,5072.859,5110.903,5136.505,5142.372,5072.859,5110.903,5138.035,5143.541,5073.932,5112.41
2025-07-24T21:00:00.000000Z,270895,5113.829,5118.434,5072.582,5081.425,5113.829,5118.434,5072.582,5081.425,5115.457,5119.292,5073.431,5083.34
2025-07-27T21:00:00.000000Z,293610,5062.933,5122.964,5057.738,5081.888,5062.933,5122.964,5057.738,5081.888,5064.149,5123.731,5058.769,5083.546
2025-07-28T21:00:00.000000Z,280600,5080.301,5121.992,5075.115,5109.572,5080.301,5121.992,5075.115,5109.572,5082.025,5123.184,5075.919,5110.877
2025-07-29T21:00:00.000000Z,340944,5108.175,5137.856,5078.101,5090.137,5108.175,5137.856,5078.101,5090.137,5109.728,5138.714,5079.211,5091.499
2025-07-30T21:00:00.000000Z,327458,5087.556,5145.49,5085.048,5120.21,5087.556,5145.49,5085.048,5120.21,5089.007,5146.585,5086.169,5121.336
2025-07-31T21:00:00.000000Z,341157,5123.292,5206.58,5104.332,5195.245,5123.292,5206.58,5104.332,5195.245,5124.383,5207.471,5105.305,5197.938
2025-08-03T21:00:00.000000Z,269944,5199.051,5226.579,5167.27,5216.124,5199.051,5226.579,5167.27,5216.124,5200.51,5227.35,5168.235,5217.377
2025-08-04T21:00:00.000000Z,257538,5217.815,5243.923,5185.731,5222.611,5217.815,5243.923,5185.731,5222.611,5219.483,5245.016,5186.649,5223.998
2025-08-05T21:00:00.000000Z,249342,5225.471,5228.181,5167.825,5179.867,5225.471,5228.181,5167.825,5179.867,5227.105,5229.331,5168.62,5181.315
2025-08-06T21:00:00.000000Z,418442,5184.918,5221.672,5164.074,5204.388,5184.918,5221.672,5164.074,5204.388,5186.444,5222.395,5165.279,5209.388
2025-08-07T21:00:00.000000Z,579036,5211.852,5223.523,5170.44,5207.372,5211.852,5223.523,5170.44,5207.372,5216.852,5227.308,5175.25,5212.372
2025-08-10T21:00:00.000000Z,374882,5213.157,5215.853,5130.109,5131.503,5213.157,5215.853,5130.109,5131.503,5214.955,5219.546,5131.133,5132.806
2025-08-11T21:00:00.000000Z,309282,5132.738,5164.937,5114.427,5127.208,5132.738,5164.937,5114.427,5127.208,5134.21,5166.121,5115.249,5128.614
2025-08-12T21:00:00.000000Z,254959,5129.759,5147.207,5115.786,5125.888,5129.759,5147.207,5115.786,5125.888,5130.955,5148.443,5117.05,5127.24
2025-08-13T21:00:00.000000Z,298776,5129.578,5162.764,5113.001,5134.271,5129.578,5162.764,5113.001,5134.271,5130.692,5164.099,5113.875,5135.592
2025-08-14T21:00:00.000000Z,224334,5133.135,5150.624,5111.613,5124.241,5133.135,5150.624,5111.613,5124.241,5134.517,5151.745,5112.545,5127.61
2025-08-17T21:00:00.000000Z,226778,5121.513,5149.996,5105.311,5133.667,5121.513,5149.996,5105.311,5133.667,5123.113,5150.787,5106.349,5134.803
2025-08-18T21:00:00.000000Z,211581,5132.861,5155.645,5120.655,5136.945,5132.861,5155.645,5120.655,5136.945,5133.852,5156.425,5121.556,5138.067
2025-08-19T21:00:00.000000Z,236015,5137.871,5210.827,5132.521,5203.809,5137.871,5210.827,5132.521,5203.809,5139.419,5211.705,5133.676,5205.623
2025-08-20T21:00:00.000000Z,234166,5206.991,5211.34,5171.366,5199.18,5206.991,5211.34,5171.366,5199.18,5208.534,5212.281,5172.196,5200.584
2025-08-21T21:00:00.000000Z,266950,5200.587,5206.593,5169.879,5190.819,5200.587,5206.593,5169.879,5190.819,5202.101,5207.375,5170.722,5195.341
2025-08-24T21:00:00.000000Z,181569,5188.149,5201.129,5176.42,5190.77,5188.149,5201.129,5176.42,5190.77,5189.532,5202.036,5177.384,5192.272
2025-08-25T21:00:00.000000Z,293195,5191.983,5225.123,5170.756,5225.104,5191.983,5225.123,5170.756,5225.104,5193.275,5226.314,5171.998,5226.135
2025-08-26T21:00:00.000000Z,265736,5220.428,5233.848,5201.097,5222.038,5220.428,5233.848,5201.097,5222.038,5221.591,5234.7,5202.124,5223.221
2025-08-27T21:00:00.000000Z,291679,5223.073,5240.944,5192.647,5230.059,5223.073,5240.944,5192.647,5230.059,5224.075,5241.417,5193.435,5231.488
2025-08-28T21:00:00.000000Z,328123,5230.768,5277.401,5210.562,5269.648,5230.768,5277.401,5210.562,5269.648,5234.139,5278.327,5211.649,5273.934
2025-08-31T21:00:00.000000Z,284898,5267.3,5330.552,5254.855,5305.265,5267.3,5330.552,5254.855,5305.265,5268.252,5331.868,5256.082,5306.431
2025-09-01T21:00:00.000000Z,446909,5303.426,5429.974,5300.489,5418.299,5303.426,5429.974,5300.489,5418.299,5304.714,5430.705,5302.076,5419.468
2025-09-02T21:00:00.000000Z,411083,5417.451,5465.964,5405.615,5438.687,5417.451,5465.964,5405.615,5438.687,5419.136,5466.734,5406.69,5439.99
2025-09-03T21:00:00.000000Z,383235,5440.911,5462.746,5372.841,5439.831,5440.911,5462.746,5372.841,5439.831,5442.375,5463.664,5374.68,5441.306
2025-09-04T21:00:00.000000Z,430041,5437.714,5489.708,5415.418,5467.825,5437.714,5489.708,5415.418,5467.825,5439.269,5490.662,5416.584,5472.825
2025-09-07T21:00:00.000000Z,397594,5479.33,5535.111,5455.846,5514.777,5479.33,5535.111,5455.846,5514.777,5481.527,5536.086,5456.852,5515.91
2025-09-08T21:00:00.000000Z,409012,5513.757,5563.965,5500.328,5505.887,5513.757,5563.965,5500.328,5505.887,5515.65,5564.875,5501.567,5507.628
2025-09-09T21:00:00.000000Z,363202,5509.025,5538.857,5493.961,5504.303,5509.025,5538.857,5493.961,5504.303,5510.333,5539.96,5495.03,5505.533
2025-09-10T21:00:00.000000Z,363535,5509.276,5516.465,5450.514,5455.307,5509.276,5516.465,5450.514,5455.307,5510.695,5517.369,5451.449,5456.752
2025-09-11T21:00:00.000000Z,333126,5456.438,5501.763,5447.945,5476.794,5456.438,5501.763,5447.945,5476.794,5458.1,5502.605,5448.91,5479.292
2025-09-14T21:00:00.000000Z,334495,5482.354,5527.175,5450.948,5514.737,5482.354,5527.175,5450.948,5514.737,5484.134,5527.797,5451.856,5515.922
2025-09-15T21:00:00.000000Z,342401,5516.438,5548.063,5508.278,5519.109,5516.438,5548.063,5508.278,5519.109,5517.961,5548.906,5509.283,5520.218
2025-09-16T21:00:00.000000Z,404439,5522.811,5532.826,5464.645,5500.91,5522.811,5532.826,5464.645,5500.91,5523.994,5533.727,5469.645,5502.127
2025-09-17T21:00:00.000000Z,396493,5499.805,5527.652,5487.432,5511.072,5499.805,5527.652,5487.432,5511.072,5501.014,5528.646,5488.418,5512.158
2025-09-18T21:00:00.000000Z,359992,5509.06,5591.019,5498.188,5586.29,5509.06,5591.019,5498.188,5586.29,5510.638,5592.134,5499.092,5591.29
2025-09-21T21:00:00.000000Z,375262,5594.147,5680.43,5587.794,5676.483,5594.147,5680.43,5587.794,5676.483,5595.237,5681.425,5589.379,5677.55
2025-09-22T21:00:00.000000Z,416672,5676.987,5739.691,5664.335,5703.674,5676.987,5739.691,5664.335,5703.674,5678.246,5740.38,5665.831,5705.015
2025-09-23T21:00:00.000000Z,354408,5704.131,5722.813,5649.744,5674.933,5704.131,5722.813,5649.744,5674.933,5704.871,5723.737,5650.407,5676.108
2025-09-24T21:00:00.000000Z,375730,5678.992,5750.532,5655.511,5732.051,5678.992,5750.532,5655.511,5732.051,5680.511,5751.285,5656.572,5733.521
2025-09-25T21:00:00.000000Z,356544,5728.105,5787.625,5708.563,5741.478,5728.105,5787.625,5708.563,5741.478,5729.708,5788.608,5709.591,5744.581
2025-09-28T21:00:00.000000Z,395754,5748.958,5834.454,5743.092,5828.605,5748.958,5834.454,5743.092,5828.605,5751.493,5835.526,5744.263,5829.93
2025-09-29T21:00:00.000000Z,402034,5827.203,5868.645,5740.493,5833.408,5827.203,5868.645,5740.493,5833.408,5828.854,5869.608,5741.681,5835.247
2025-09-30T21:00:00.000000Z,390738,5834.89,5888.944,5828.721,5843.962,5834.89,5888.944,5828.721,5843.962,5836.771,5889.937,5829.692,5845.487
2025-10-01T21:00:00.000000Z,360672,5840.918,5898.263,5805.831,5845.503,5840.918,5898.263,5805.831,5845.503,5842.672,5899.255,5806.841,5847.258
2025-10-02T21:00:00.000000Z,350879,5846.638,5890.303,5817.93,5886.888,5846.638,5890.303,5817.93,5886.888,5848.138,5891.234,5818.927,5890.269
2025-10-05T21:00:00.000000Z,433879,5902.973,5999.306,5894.564,5984.468,5902.973,5999.306,5894.564,5984.468,5906.242,6000.527,5897.144,5985.719
2025-10-06T21:00:00.000000Z,439980,5985.161,6057.442,5979.155,6053.58,5985.161,6057.442,5979.155,6053.58,5986.804,6058.579,5980.333,6055.143
2025-10-07T21:00:00.000000Z,436618,6055.438,6172.207,6053.092,6135.334,6055.438,6172.207,6053.092,6135.334,6057.077,6173.332,6054.716,6137.131
2025-10-08T21:00:00.000000Z,544930,6127.05,6147.802,6022.2,6065.265,6127.05,6147.802,6022.2,6065.265,6128.92,6148.741,6023.43,6066.971
2025-10-09T21:00:00.000000Z,567722,6065.987,6208.252,6012.464,6202.546,6065.987,6208.252,6012.464,6202.546,6068.06,6211.373,6013.647,6207.546
2025-10-12T21:00:00.000000Z,464797,6168.808,6312.666,6162.118,6308.106,6168.808,6312.666,6162.118,6308.106,6170.264,6314.017,6165.352,6309.558
2025-10-13T21:00:00.000000Z,531282,6340.619,6455.622,6321.91,6385.869,6340.619,6455.622,6321.91,6385.869,6341.397,6456.82,6323.127,6387.577
2025-10-14T21:00:00.000000Z,444450,6376.702,6474.545,6376.625,6459.815,6376.702,6474.545,6376.625,6459.815,6379.471,6475.791,6379.421,6462.525
2025-10-15T21:00:00.000000Z,504822,6465.788,6675.516,6447.039,6670.06,6465.788,6675.516,6447.039,6670.06,6467.497,6676.748,6449.306,6672.336
2025-10-16T21:00:00.000000Z,713336,6684.844,6764.75,6455.713,6545.569,6684.844,6764.75,6455.713,6545.569,6687.876,6766.001,6458.453,6550.569
2025-10-19T21:00:00.000000Z,531170,6560.924,6726.047,6488.594,6686.964,6560.924,6726.047,6488.594,6686.964,6565.924,6727.384,6489.967,6689.033
2025-10-20T21:00:00.000000Z,605102,6699.544,6714.31,6291.95,6356.528,6699.544,6714.31,6291.95,6356.528,6702.569,6715.66,6295.413,6358.831
2025-10-21T21:00:00.000000Z,638768,6352.849,6393.269,6169.187,6316.332,6352.849,6393.269,6169.187,6316.332,6355.448,6394.593,6171.674,6318.332
2025-10-22T21:00:00.000000Z,487253,6329.934,6381.012,6268.252,6333.794,6329.934,6381.012,6268.252,6333.794,6333.785,6382.055,6269.54,6335.785
2025-10-23T21:00:00.000000Z,464286,6333.794,6362.384,6224.665,6312.798,6333.794,6362.384,6224.665,6312.798,6336.425,6363.665,6225.877,6317.798
2025-10-26T21:00:00.000000Z,516740,6248.726,6281.075,6065.946,6072.161,6248.726,6281.075,6065.946,6072.161,6253.726,6283.43,6067.179,6074.663
2025-10-27T21:00:00.000000Z,481415,6083.252,6128.722,5935.701,6001.749,6083.252,6128.722,5935.701,6001.749,6085.995,6130.195,5936.989,6003.338
2025-10-28T21:00:00.000000Z,528100,6007.947,6115.789,5943.181,5977.205,6007.947,6115.789,5943.181,5977.205,6010.905,6117.033,5948.181,5979.478
2025-10-29T21:00:00.000000Z,530754,5965.845,6147.126,5938.705,6139.461,5965.845,6147.126,5938.705,6139.461,5969.212,6148.07,5940.595,6141.134
2025-10-30T21:00:00.000000Z,488614,6135.38,6173.758,6074.051,6113.55,6135.38,6173.758,6074.051,6113.55,6137.279,6175.801,6076.037,6118.55
2025-11-02T22:00:00.000000Z,443806,6105.893,6171.523,6054.271,6119.687,6105.893,6171.523,6054.271,6119.687,6108.278,6172.867,6055.548,6121.711
2025-11-03T22:00:00.000000Z,481812,6125.346,6154.252,6057.516,6058.205,6125.346,6154.252,6057.516,6058.205,6126.581,6155.493,6059.292,6060.531
2025-11-04T22:00:00.000000Z,373898,6065.196,6144.451,6058.687,6116.251,6065.196,6144.451,6058.687,6116.251,6066.651,6145.459,6059.771,6118.069
2025-11-05T22:00:00.000000Z,415934,6099.996,6177.421,6094.581,6136.734,6099.996,6177.421,6094.581,6136.734,6101.81,6178.845,6097.342,6138.867
2025-11-06T22:00:00.000000Z,408242,6139.202,6218.502,6137.859,6159.593,6139.202,6218.502,6137.859,6159.593,6141.617,6219.663,6139.937,6164.593
2025-11-09T22:00:00.000000Z,425234,6164.145,6297.842,6160.357,6295.56,6164.145,6297.842,6160.357,6295.56,6168.106,6299.133,6163.561,6297.028
2025-11-10T22:00:00.000000Z,355034,6298.613,6360.45,6274.709,6320.715,6298.613,6360.45,6274.709,6320.715,6300.282,6361.648,6276.271,6323.681
2025-11-11T22:00:00.000000Z,478716,6327.899,6435.662,6282.412,6412.025,6327.899,6435.662,6282.412,6412.025,6329.397,6436.783,6283.351,6414.088
2025-11-12T22:00:00.000000Z,556914,6429.384,6465.262,6350.571,6386.625,6429.384,6465.262,6350.571,6386.625,6432.01,6466.435,6352.136,6388.967
2025-11-13T22:00:00.000000Z,545083,6393.502,6434.743,6181.087,6249.138,6393.502,6434.743,6181.087,6249.138,6395.78,6436.233,6182.246,6254.138
2025-11-16T22:00:00.000000Z,480873,6241.191,6285.309,6179.909,6229.46,6241.191,6285.309,6179.909,6229.46,6246.191,6286.794,6181.229,6231.736
2025-11-17T22:00:00.000000Z,505209,6232.575,6275.816,6167.061,6248.837,6232.575,6275.816,6167.061,6248.837,6234.871,6276.926,6168.275,6250.963
2025-11-18T22:00:00.000000Z,496972,6246.983,6368.362,6246.023,6293.18,6246.983,6368.362,6246.023,6293.18,6248.632,6369.329,6247.33,6295.19
2025-11-19T22:00:00.000000Z,553734,6306.71,6337.052,6235.194,6330.66,6306.71,6337.052,6235.194,6330.66,6308.8,6338.371,6240.194,6332.637
2025-11-20T22:00:00.000000Z,584563,6320.0,6352.783,6239.929,6294.258,6320.0,6352.783,6239.929,6294.258,6322.866,6354.241,6241.368,6299.258
2025-11-23T22:00:00.000000Z,408969,6291.713,6403.868,6251.372,6393.773,6291.713,6403.868,6251.372,6393.773,6294.343,6405.427,6252.686,6395.844
2025-11-24T22:00:00.000000Z,481090,6391.68,6429.782,6369.507,6383.422,6391.68,6429.782,6369.507,6383.422,6396.68,6430.981,6370.75,6385.683
2025-11-25T22:00:00.000000Z,444593,6387.981,6431.645,6369.3,6385.698,6387.981,6431.645,6369.3,6385.698,6390.347,6433.142,6370.83,6389.835
2025-11-26T22:00:00.000000Z,253358,6387.345,6393.351,6342.602,6365.162,6387.345,6393.351,6342.602,6365.162,6389.933,6395.182,6343.524,6369.29
2025-11-27T22:00:00.000000Z,361801,6363.08,6452.63,6362.885,6440.481,6363.08,6452.63,6362.885,6440.481,6364.725,6454.36,6364.695,6441.913
2025-11-30T22:00:00.000000Z,607074,6453.021,6505.926,6418.159,6466.645,6453.021,6505.926,6418.159,6466.645,6455.858,6506.667,6421.33,6468.194
2025-12-01T22:00:00.000000Z,425595,6467.111,6472.421,6339.188,6404.612,6467.111,6472.421,6339.188,6404.612,6469.189,6473.881,6340.517,6406.491
2025-12-02T22:00:00.000000Z,470443,6396.965,6438.044,6356.54,6366.18,6396.965,6438.044,6356.54,6366.18,6399.068,6439.564,6357.901,6368.063
2025-12-03T22:00:00.000000Z,505704,6371.953,6382.777,6316.277,6366.511,6371.953,6382.777,6316.277,6366.511,6374.032,6384.233,6317.067,6368.235
2025-12-04T22:00:00.000000Z,418103,6369.006,6406.254,6313.102,6319.471,6369.006,6406.254,6313.102,6319.471,6370.664,6407.544,6314.455,6324.471
2025-12-07T22:00:00.000000Z,423338,6319.471,6350.655,6307.923,6325.52,6319.471,6350.655,6307.923,6325.52,6324.471,6352.05,6308.835,6327.042
2025-12-08T22:00:00.000000Z,482331,6325.898,6349.576,6281.017,6334.007,6325.898,6349.576,6281.017,6334.007,6327.888,6351.598,6282.384,6336.243
2025-12-09T22:00:00.000000Z,477221,6336.169,6361.046,6294.9,6334.067,6336.169,6361.046,6294.9,6334.067,6338.135,6362.245,6297.118,6335.746
2025-12-10T22:00:00.000000Z,461742,6336.781,6425.513,6316.204,6420.229,6336.781,6425.513,6316.204,6420.229,6339.029,6426.889,6317.549,6422.798
2025-12-11T22:00:00.000000Z,520021,6425.039,6534.891,6390.118,6459.543,6425.039,6534.891,6390.118,6459.543,6426.587,6536.048,6391.482,6464.543
2025-12-14T22:00:00.000000Z,474421,6470.813,6542.495,6454.148,6481.713,6470.813,6542.495,6454.148,6481.713,6475.813,6543.654,6455.632,6483.163
2025-12-15T22:00:00.000000Z,473476,6483.406,6525.354,6436.961,6485.708,6483.406,6525.354,6436.961,6485.708,6484.811,6526.717,6438.299,6486.92
2025-12-16T22:00:00.000000Z,481856,6488.233,6579.274,6487.221,6567.005,6488.233,6579.274,6487.221,6567.005,6489.904,6580.668,6489.51,6568.496
2025-12-17T22:00:00.000000Z,523548,6568.882,6603.909,6509.914,6550.725,6568.882,6603.909,6509.914,6550.725,6572.058,6605.129,6511.384,6552.815
2025-12-18T22:00:00.000000Z,415123,6554.581,6587.321,6514.113,6560.051,6554.581,6587.321,6514.113,6560.051,6556.921,6588.697,6515.78,6565.051
2025-12-21T22:00:00.000000Z,393232,6565.503,6682.886,6563.127,6673.451,6565.503,6682.886,6563.127,6673.451,6567.971,6684.318,6565.91,6675.363
2025-12-22T22:00:00.000000Z,482738,6678.882,6744.361,6633.513,6690.693,6678.882,6744.361,6633.513,6690.693,6681.05,6745.704,6634.742,6692.562
2025-12-23T22:00:00.000000Z,462625,6697.106,6751.685,6629.463,6679.807,6697.106,6751.685,6629.463,6679.807,6698.965,6752.858,6631.019,6683.379
2025-12-25T22:00:00.000000Z,581451,6708.443,6778.088,6689.158,6748.878,6708.443,6778.088,6689.158,6748.878,6713.443,6779.903,6693.604,6753.878
2025-12-28T22:00:00.000000Z,635716,6765.834,6774.281,6434.043,6471.279,6765.834,6774.281,6434.043,6471.279,6770.834,6779.281,6436.914,6474.109
2025-12-29T22:00:00.000000Z,610981,6484.924,6570.217,6457.439,6478.765,6484.924,6570.217,6457.439,6478.765,6488.353,6571.982,6459.298,6481.475
2025-12-30T22:00:00.000000Z,573686,6481.766,6531.153,6389.853,6473.728,6481.766,6531.153,6389.853,6473.728,6485.582,6532.396,6391.914,6478.728
2026-01-01T22:00:00.000000Z,487815,6484.208,6576.422,6451.0,6468.225,6484.208,6576.422,6451.0,6468.225,6487.047,6577.643,6452.443,6473.225
2026-01-04T22:00:00.000000Z,561825,6511.938,6653.305,6501.547,6624.933,6511.938,6653.305,6501.547,6624.933,6514.885,6654.751,6503.88,6626.651
2026-01-05T22:00:00.000000Z,519611,6633.588,6673.56,6598.434,6669.202,6633.588,6673.56,6598.434,6669.202,6635.425,6675.014,6599.736,6671.314
2026-01-06T22:00:00.000000Z,543776,6673.093,6684.544,6574.873,6630.103,6673.093,6684.544,6574.873,6630.103,6674.943,6686.49,6576.096,6632.092
2026-01-07T22:00:00.000000Z,544837,6637.229,6687.959,6583.687,6682.652,6637.229,6687.959,6583.687,6682.652,6639.175,6689.409,6585.036,6685.079
2026-01-08T22:00:00.000000Z,448416,6678.069,6761.511,6649.04,6741.65,6678.069,6761.511,6649.04,6741.65,6680.609,6762.807,6650.883,6746.65
2026-01-11T22:00:00.000000Z,554942,6759.128,6893.365,6758.942,6850.467,6759.128,6893.365,6758.942,6850.467,6764.01,6894.541,6763.875,6852.954
2026-01-12T22:00:00.000000Z,494031,6851.158,6915.771,6814.676,6862.777,6851.158,6915.771,6814.676,6862.777,6855.096,6917.418,6816.446,6865.928
2026-01-13T22:00:00.000000Z,564397,6866.089,6950.982,6865.095,6921.768,6866.089,6950.982,6865.095,6921.768,6868.379,6952.329,6867.422,6924.968
2026-01-14T22:00:00.000000Z,551702,6917.328,6917.328,6857.626,6889.302,6917.328,6917.328,6857.626,6889.302,6922.196,6922.196,6859.776,6892.493
2026-01-15T22:00:00.000000Z,450672,6892.385,6902.584,6791.409,6874.679,6892.385,6902.584,6791.409,6874.679,6894.442,6903.988,6793.305,6879.679
2026-01-18T22:00:00.000000Z,324669,6964.768,7011.722,6948.864,6955.123,6964.768,7011.722,6948.864,6955.123,6969.768,7015.955,6950.285,6956.986
2026-01-19T22:00:00.000000Z,517154,6953.479,7077.86,6941.797,7068.552,6953.479,7077.86,6941.797,7068.552,6955.565,7078.922,6943.301,7071.741
2026-01-20T22:00:00.000000Z,623910,7070.632,7251.915,7036.608,7142.554,7070.632,7251.915,7036.608,7142.554,7073.761,7253.619,7039.013,7146.547
2026-01-21T22:00:00.000000Z,503048,7124.676,7220.504,7028.617,7213.682,7124.676,7220.504,7028.617,7213.682,7129.676,7222.195,7030.436,7217.109
2026-01-22T22:00:00.000000Z,491052,7238.325,7258.778,7154.726,7231.069,7238.325,7258.778,7154.726,7231.069,7240.463,7261.226,7156.07,7236.069
2026-01-25T22:00:00.000000Z,722493,7251.259,7384.953,7212.678,7240.385,7251.259,7384.953,7212.678,7240.385,7256.259,7387.581,7214.177,7243.078
2026-01-26T22:00:00.000000Z,684829,7284.076,7403.025,7247.928,7386.625,7284.076,7403.025,7247.928,7386.625,7287.014,7405.185,7249.693,7388.88
2026-01-27T22:00:00.000000Z,780278,7394.438,7695.836,7355.004,7694.502,7394.438,7695.836,7355.004,7694.502,7399.438,7697.909,7356.731,7696.945
2026-01-28T22:00:00.000000Z,911860,7738.762,7940.349,7297.884,7614.998,7738.762,7940.349,7297.884,7614.998,7743.26,7944.911,7302.884,7619.998
2026-01-29T22:00:00.000000Z,1069571,7688.62,7736.722,6744.372,7025.909,7688.62,7736.722,6744.372,7025.909,7691.553,7738.948,6749.372,7035.909
